"__mclCluster","AverageShortestPathLength","BetweennessCentrality","ClosenessCentrality","ClusteringCoefficient","COMMON","Degree","degree.layout","Eccentricity","gal1RGexp","gal1RGsig","gal4RGexp","gal4RGsig","gal80Rexp","gal80Rsig","isExcludedFromPaths","IsSingleNode","MCODE_Cluster","MCODE_Node_Status","MCODE_Score","name","NeighborhoodConnectivity","NumberOfDirectedEdges","NumberOfUndirectedEdges","PartnerOfMultiEdgedNodePairs","Radiality","selected","SelfLoops","shared name","Stress","TopologicalCoefficient"
"1","13.116935483870968","0.0","0.07623731939747924","0.0","SNF3","1","1","26","0.139","0.018043","0.333","0.033961","0.449","0.011348","false","false",,"Unclustered","0.0","YDL194W","2.0","0","1","0","0.326836917562724","false","0","YDL194W","0","0.0"
"1","12.120967741935484","0.00806451612903226","0.0825016633399867","0.0","MTH1","2","2","25","0.243","2.186E-5","0.192","0.028044","0.448","5.727E-4","false","false",,"Unclustered","0.6666666666666666","YDR277C","4.0","0","2","0","0.382168458781362","false","0","YDR277C","2722","0.5"
"20","1.5","0.0","0.6666666666666666","0.0","YBR043C","1","1","2","0.454","5.373E-8","0.023","0.94178","0.0","0.999999","false","false",,"Unclustered","0.0","YBR043C","2.0","0","1","0","0.75","false","0","YBR043C","0","0.0"
"1","9.798387096774194","0.0","0.10205761316872428","0.0","ASN1","1","1","18","-0.195","3.174E-5","-0.614","1.1525E-7","-0.232","0.0011873","false","false",,"Unclustered","0.0","YPR145W","3.0","0","1","0","0.5112007168458781","false","0","YPR145W","0","0.0"
"2","8.818548387096774","0.04427321405250098","0.1133973479652492","0.0","GIP2","2","2","19","0.057","0.16958","0.206","6.2032E-4","0.247","0.0043603","false","false",,"Unclustered","0.6666666666666666","YER054C","4.5","0","2","0","0.5656362007168458","false","0","YER054C","11544","0.5833333333333334"
"2","9.64516129032258","0.08528144181794438","0.10367892976588629","0.0","GIP1","3","3","20","0.786","5.5911E-6","1.022","1.2945E-5","0.94","0.016389","false","false",,"Unclustered","0.5","YBR045C","2.3333333333333335","0","3","0","0.5197132616487455","false","0","YBR045C","21474","0.4444444444444444"
"13","2.0","0.0","0.5","0.0","NUP170","1","1","3","-0.186","2.5668E-4","-0.032","0.45723","-0.42","2.9469E-9","false","false",,"Unclustered","0.0","YBL079W","2.0","0","1","0","0.5","false","0","YBL079W","0","0.0"
"1","9.116935483870968","0.0","0.1096859796550199","0.0","YLR345W","1","1","19","0.108","0.012373","0.234","7.892E-5","0.116","0.073789","false","false",,"Unclustered","0.0","YLR345W","2.0","0","1","0","0.5490591397849462","false","0","YLR345W","0","0.0"
"1","9.149193548387096","0.0","0.10929925077126489","0.0","RPL34B","1","1","19","-0.258","3.7855E-5","-0.451","3.4652E-7","-0.025","0.66627","false","false",,"Unclustered","0.0","YIL052C","8.0","0","1","0","0.5472670250896058","false","0","YIL052C","0","0.0"
"1","9.149193548387096","0.0","0.10929925077126489","0.0","","1","1","19",,,,,,,"false","false",,"Unclustered","0.0","YER056CA","8.0","0","1","0","0.5472670250896058","false","0","YER056CA","0","0.0"
"1","9.149193548387096","0.0","0.10929925077126489","0.0","RPL16B","1","1","19","-0.346","2.6481E-7","-0.284","5.1994E-5","-0.124","0.026888","false","false",,"Unclustered","0.0","YNL069C","8.0","0","1","0","0.5472670250896058","false","0","YNL069C","0","0.0"
"1","9.149193548387096","0.0","0.10929925077126489","0.0","RPL31A","1","1","19","-0.218","0.0041386","-0.451","1.5697E-6","0.056","0.38208","false","false",,"Unclustered","0.0","YDL075W","8.0","0","1","0","0.5472670250896058","false","0","YDL075W","0","0.0"
"5","2.0","0.0","0.5","0.0","CMK1","1","1","3","0.229","1.1443E-5","0.304","8.1743E-6","0.047","0.64057","false","false",,"Unclustered","0.0","YFR014C","3.0","0","1","0","0.6666666666666666","false","0","YFR014C","0","0.0"
"1","11.068548387096774","0.0","0.09034608378870675","0.0","YGR136W","1","1","21","-0.167","2.4958E-4","-0.163","0.0042386","-0.204","0.0020376","false","false",,"Unclustered","0.0","YGR136W","2.0","0","1","0","0.4406362007168459","false","0","YGR136W","0","0.0"
"1","7.826612903225806","0.0","0.12776919113858837","0.0","YDL023C","1","1","17","-0.712","4.5602E-11","0.497","1.8858E-5","-0.406","1.7119E-8","false","false",,"Unclustered","0.0","YDL023C","2.0","0","1","0","0.6207437275985663","false","0","YDL023C","0","0.0"
"19","1.5","0.0","0.6666666666666666","0.0","NPL4","1","1","2","0.128","0.0078298","-0.134","0.13454","0.429","0.0016184","false","false",,"Unclustered","0.0","YBR170C","2.0","0","1","0","0.75","false","0","YBR170C","0","0.0"
"20","1.0","1.0","1.0","0.0","SMD1","2","2","1","-0.074","0.11939","-0.133","0.08221","0.029","0.80755","false","false",,"Unclustered","0.6666666666666666","YGR074W","1.0","0","2","0","1.0","false","0","YGR074W","2","0.0"
"20","1.5","0.0","0.6666666666666666","0.0","ARO8","1","1","2","-0.305","4.2677E-7","-0.286","4.2373E-5","-0.536","3.8938E-13","false","false",,"Unclustered","0.0","YGL202W","2.0","0","1","0","0.75","false","0","YGL202W","0","0.0"
"14","1.0","0.0","1.0","1.0","SIK1","2","2","1","0.02","0.70174","-0.521","1.0814E-5","0.49","3.3814E-8","false","false","Cluster 3","Clustered","2.0","YLR197W","2.0","0","2","0","1.0","false","0","YLR197W","0","1.0"
"13","1.3333333333333333","0.6666666666666666","0.75","0.0","ASM4","2","2","2","0.069","0.091906","-0.074","0.32752","0.124","0.081403","false","false",,"Unclustered","0.6666666666666666","YDL088C","1.5","0","2","0","0.8333333333333334","false","0","YDL088C","4","0.5"
"18","1.5","0.0","0.6666666666666666","0.0","YOR215C","1","1","2","0.151","7.0779E-4","0.137","0.010881","0.335","1.273E-4","false","false",,"Unclustered","0.0","YOR215C","2.0","0","1","0","0.75","false","0","YOR215C","0","0.0"
"1","9.798387096774194","0.0","0.10205761316872428","0.0","RPA135","1","1","18","-0.129","0.0032078","-0.394","5.8663E-5","-0.359","0.0061199","false","false",,"Unclustered","0.0","YPR010C","3.0","0","1","0","0.5112007168458781","false","0","YPR010C","0","0.0"
"1","8.80241935483871","0.016096382395193943","0.11360513055428309","0.0","SPC24","3","3","17","0.093","0.41398","0.371","5.0622E-5","-0.296","0.35411","false","false",,"Unclustered","0.5","YMR117C","2.0","0","3","0","0.5665322580645161","false","0","YMR117C","1234","0.3333333333333333"
"1","12.326612903225806","0.0","0.08112528622832843","0.0","YML114C","1","1","24","0.226","4.5247E-4","-0.145","0.12134","0.385","0.0058304","false","false",,"Unclustered","0.0","YML114C","2.0","0","1","0","0.37074372759856633","false","0","YML114C","0","0.0"
"1","7.782258064516129","0.0","0.12849740932642487","0.0","NCE103","1","1","18","0.998","4.2628E-11","0.506","1.601E-8","0.686","3.3349E-7","false","false",,"Unclustered","0.0","YNL036W","5.0","0","1","0","0.6232078853046595","false","0","YNL036W","0","0.0"
"1","6.717741935483871","0.13650914407085246","0.148859543817527","0.0","STE4","2","2","14","-0.189","4.187E-5","-0.256","0.0010135","-0.158","0.023184","false","false",,"Unclustered","0.6666666666666666","YOR212W","6.5","0","2","0","0.682347670250896","false","0","YOR212W","14000","0.5"
"1","10.451612903225806","0.0","0.09567901234567902","0.0","YDR070C","1","1","20","-0.915","4.6513E-11","0.671","1.488E-4","-0.089","0.1936","false","false",,"Unclustered","0.0","YDR070C","5.0","0","1","0","0.474910394265233","false","0","YDR070C","0","0.0"
"1","8.46774193548387","0.0","0.1180952380952381","0.0","YNL164C","1","1","19","0.272","7.3947E-4","-0.949","3.8499E-5","1.345","5.7872E-6","false","false",,"Unclustered","0.0","YNL164C","3.0","0","1","0","0.5851254480286738","false","0","YNL164C","0","0.0"
"1","9.758064516129032","0.0","0.1024793388429752","0.0","YGR046W","1","1","18","0.158","0.0020954","0.177","5.1497E-4","0.124","0.10073","false","false",,"Unclustered","0.0","YGR046W","2.0","0","1","0","0.5134408602150538","false","0","YGR046W","0","0.0"
"1","9.568548387096774","0.0","0.10450906026127266","0.0","ACS2","1","1","21","-0.042","0.24703","-0.014","0.78003","-0.172","0.011567","false","false",,"Unclustered","0.0","YLR153C","5.0","0","1","0","0.5239695340501792","false","0","YLR153C","0","0.0"
"6","10.516129032258064","0.0","0.0950920245398773","0.0","MAM33","1","1","19","0.033","0.68369","0.146","0.0033116","-0.339","9.0003E-6","false","false",,"Unclustered","0.0","YIL070C","2.0","0","1","0","0.471326164874552","false","0","YIL070C","0","0.0"
"1","6.838709677419355","0.0","0.14622641509433962","0.0","PIS1","1","1","16","-0.495","1.0456E-9","0.025","0.54593","-0.89","5.6202E-18","false","false",,"Unclustered","0.0","YPR113W","18.0","0","1","0","0.6756272401433692","false","0","YPR113W","0","0.0"
"12","2.0","0.0","0.5","0.0","SER3","1","1","3","-0.568","2.5284E-10","-0.423","3.0368E-5","0.109","0.094304","false","false",,"Unclustered","0.0","YER081W","2.0","0","1","0","0.5","false","0","YER081W","0","0.0"
"6","9.528225806451612","0.0","0.1049513330512061","0.0","CTT1","1","1","18","-0.91","1.6823E-10","0.596","1.9828E-4","-0.394","3.0726E-6","false","false",,"Unclustered","0.0","YGR088W","4.0","0","1","0","0.5262096774193549","false","0","YGR088W","0","0.0"
"1","8.153225806451612","0.055700666057202565","0.12265084075173097","0.0","SXM1","8","8","18","-0.119","0.021972","0.086","0.5176","-0.214","0.40913","false","false",,"Unclustered","0.2222222222222222","YDR395W","1.5","0","8","0","0.6025985663082438","false","0","YDR395W","16272","0.25"
"1","9.141129032258064","0.004015933133080842","0.1093956771063079","0.0","RPL11B","2","2","19","-0.188","2.639E-4","-0.425","7.4028E-7","-0.084","0.1613","false","false",,"Unclustered","0.6666666666666666","YGR085C","5.0","0","2","0","0.5477150537634409","false","0","YGR085C","2038","0.5714285714285714"
"1","7.858870967741935","0.0","0.12724474089276552","0.0","YER124C","1","1","16","0.179","1.8529E-4","0.126","0.014038","-0.022","0.76846","false","false",,"Unclustered","0.0","YER124C","9.0","0","1","0","0.6189516129032258","false","0","YER124C","0","0.0"
"1","10.963709677419354","0.0","0.09121000367782274","0.0","MPT1","1","1","23","0.218","5.0658E-5","-0.419","1.2336E-4","0.571","9.5685E-5","false","false",,"Unclustered","0.0","YMR005W","3.0","0","1","0","0.44646057347670254","false","0","YMR005W","0","0.0"
"1","9.96774193548387","0.12179569483670294","0.10032362459546927","0.0","PRP9","3","3","22","0.244","2.7658E-4","-0.119","0.25629","0.339","0.011822","false","false",,"Unclustered","0.5","YDL030W","2.3333333333333335","0","3","0","0.5017921146953406","false","0","YDL030W","55180","0.3333333333333333"
"7","1.5","0.6666666666666666","0.6666666666666666","0.0","YER079W","2","2","2","-0.174","4.1949E-4","-0.267","4.6903E-5","-0.046","0.40867","false","false",,"Unclustered","0.6666666666666666","YER079W","2.0","0","2","0","0.75","false","0","YER079W","8","0.5"
"1","9.362903225806452","0.04770144965391146","0.10680447889750215","0.0","GDH2","3","3","21","0.485","9.0717E-9","0.242","0.21914","0.0","0.999999","false","false",,"Unclustered","0.5","YDL215C","2.6666666666666665","0","3","0","0.5353942652329748","false","0","YDL215C","15318","0.3333333333333333"
"2","10.560483870967742","0.07770667363197076","0.09469263077510501","0.0","PIG2","2","2","21","-0.078","0.056656","0.478","8.8839E-7","-0.134","0.072301","false","false",,"Unclustered","0.6666666666666666","YIL045W","3.0","0","2","0","0.46886200716845877","false","0","YIL045W","19520","0.5"
"1","10.318548387096774","0.0","0.09691285658460336","1.0","TIF5","2","2","19","-0.059","0.11203","-0.243","0.0061997","-0.177","0.011738","false","false","Cluster 4","Clustered","2.0","YPR041W","3.0","0","2","0","0.4823028673835126","false","0","YPR041W","0","0.75"
"1","7.633064516129032","0.0","0.13100898045430534","0.0","GCY1","1","1","16","0.194","9.0303E-5","-0.349","1.8298E-5","0.576","6.3927E-9","false","false",,"Unclustered","0.0","YOR120W","10.0","0","1","0","0.6314964157706093","false","0","YOR120W","0","0.0"
"12","1.3333333333333333","0.6666666666666666","0.75","0.0","SER33","2","2","2","-0.444","4.9389E-9","-0.565","2.6626E-5","0.393","0.022682","false","false",,"Unclustered","0.6666666666666666","YIL074C","1.5","0","2","0","0.8333333333333334","false","0","YIL074C","4","0.5"
"1","7.826612903225806","0.0","0.12776919113858837","0.0","BFR2","1","1","17","0.518","1.6082E-7","-0.287","0.20033","0.883","1.0236E-4","false","false",,"Unclustered","0.0","YDR299W","2.0","0","1","0","0.6207437275985663","false","0","YDR299W","0","0.0"
"1","7.850806451612903","0.00806451612903226","0.12737544940934772","0.0","GPA1","2","2","16","-0.02","0.64417","-0.413","5.0285E-5","0.33","0.0031233","false","false",,"Unclustered","0.6666666666666666","YHR005C","5.0","0","2","0","0.6193996415770608","false","0","YHR005C","618","0.5"
"1","8.846774193548388","0.0","0.11303555150410209","0.0","SST2","1","1","17","-0.507","2.4276E-7","-0.393","6.6966E-6","-0.269","0.014595","false","false",,"Unclustered","0.0","YLR452C","2.0","0","1","0","0.5640681003584229","false","0","YLR452C","0","0.0"
"2","13.403225806451612","0.03186626616168212","0.07460890493381468","0.0","GFD1","2","2","24","0.211","2.2142E-4","-0.159","0.11742","0.397","0.0029074","false","false",,"Unclustered","0.6666666666666666","YMR255W","2.5","0","2","0","0.3109318996415771","false","0","YMR255W","7856","0.5"
"2","12.439516129032258","0.03966958338774978","0.08038897893030794","0.0","CHK1","2","2","23","-0.045","0.35655","0.135","0.0049782","-0.052","0.55148","false","false",,"Unclustered","0.6666666666666666","YBR274W","2.5","0","2","0","0.36447132616487454","false","0","YBR274W","9810","0.5"
"1","6.826612903225806","3.264986287057595E-5","0.14648552864737155","0.5","STE12","4","4","16","-0.109","0.014623","-0.541","6.6062E-6","0.057","0.65365","false","false",,"Unclustered","1.4","YHR084W","6.75","0","4","0","0.6762992831541219","false","0","YHR084W","6","0.375"
"1","8.955645161290322","0.09323630202891008","0.11166141377757767","0.0","SEC17","2","2","18","-0.066","0.11213","-0.044","0.48722","0.106","0.23706","false","false",,"Unclustered","0.6666666666666666","YBL050W","5.5","0","2","0","0.5580197132616488","false","0","YBL050W","10384","0.5"
"1","13.09274193548387","8.162465717643987E-6","0.07637819525716046","0.0","LSM2","2","2","26","-0.032","0.48423","-0.158","0.019199","-0.064","0.59933","false","false",,"Unclustered","0.6666666666666666","YBL026W","4.0","0","2","0","0.3281810035842294","false","0","YBL026W","2","1.0"
"1","6.830645161290323","0.00806451612903226","0.14639905548996457","0.0","CDC6","2","2","16","0.018","0.83635","-0.661","4.5029E-5","0.525","0.050004","false","false",,"Unclustered","0.6666666666666666","YJL194W","9.5","0","2","0","0.6760752688172043","false","0","YJL194W","1032","0.5"
"2","11.483870967741936","0.07081755256627922","0.08707865168539325","0.0","GSY2","3","3","22","-0.405","4.4171E-9","0.4","1.8329E-6","-0.487","5.8675E-12","false","false",,"Unclustered","0.5","YLR258W","2.0","0","3","0","0.4175627240143369","false","0","YLR258W","17622","0.3333333333333333"
"2","12.463709677419354","0.016063732532323367","0.08023293432546102","0.0","PCL10","2","2","23","0.138","0.0020577","-0.548","3.6977E-7","0.839","3.7595E-7","false","false",,"Unclustered","0.6666666666666666","YGL134W","2.5","0","2","0","0.3631272401433692","false","0","YGL134W","3936","0.5"
"2","10.65725806451613","0.007999216403291107","0.09383276579644342","0.0","CUP1B","2","2","21","-0.867","2.8813E-6","-0.416","0.026753","0.802","1.9696E-12","false","false",,"Unclustered","0.6666666666666666","YHR055C","4.0","0","2","0","0.4634856630824372","false","0","YHR055C","2004","0.6"
"2","10.65725806451613","0.007999216403291107","0.09383276579644342","0.0","CUP1A","2","2","21","-0.656","1.6731E-4","-0.75","8.4638E-4","0.795","1.5187E-10","false","false",,"Unclustered","0.6666666666666666","YHR053C","4.0","0","2","0","0.4634856630824372","false","0","YHR053C","2004","0.6"
"17","1.5","0.0","0.6666666666666666","0.0","CTR1","1","1","2","0.76","8.4218E-11","0.469","2.4189E-8","-0.462","8.3821E-6","false","false",,"Unclustered","0.0","YPR124W","2.0","0","1","0","0.75","false","0","YPR124W","0","0.0"
"1","11.806451612903226","0.00806451612903226","0.08469945355191257","0.0","FPR1","2","2","22","-0.071","0.047943","0.08","0.068027","-0.169","0.0016167","false","false",,"Unclustered","0.6666666666666666","YNL135C","2.0","0","2","0","0.3996415770609319","false","0","YNL135C","978","0.5"
"1","12.80241935483871","0.0","0.07811023622047245","0.0","HOM3","1","1","23","-0.47","4.7628E-9","-1.321","1.9577E-9","0.579","1.3742E-5","false","false",,"Unclustered","0.0","YER052C","2.0","0","1","0","0.3443100358422939","false","0","YER052C","0","0.0"
"1","12.169354838709678","0.0","0.08217362491716368","0.0","ECI1","1","1","23","0.195","0.0052304","-0.148","0.21531","0.716","3.9241E-4","false","false",,"Unclustered","0.0","YLR284C","4.0","0","1","0","0.3794802867383512","false","0","YLR284C","0","0.0"
"1","12.169354838709678","0.0","0.08217362491716368","0.0","YHR198C","1","1","23","-0.053","0.20226","0.401","1.9253E-7","-0.379","5.4324E-8","false","false",,"Unclustered","0.0","YHR198C","4.0","0","1","0","0.3794802867383512","false","0","YHR198C","0","0.0"
"1","7.55241935483871","0.13656267005816447","0.13240790176187933","0.0","HSP82","3","3","16","0.222","1.8582E-5","-0.201","0.0024157","-0.661","6.7688E-11","false","false",,"Unclustered","0.5","YPL240C","5.666666666666667","0","3","0","0.6359767025089605","false","0","YPL240C","14116","0.358974358974359"
"1","9.141129032258064","0.004015933133080842","0.1093956771063079","0.0","RPL11A","2","2","19","-0.177","3.7183E-4","-0.38","1.7424E-6","-0.058","0.26052","false","false",,"Unclustered","0.6666666666666666","YPR102C","5.0","0","2","0","0.5477150537634409","false","0","YPR102C","2038","0.5714285714285714"
"1","10.129032258064516","1.6324931435287973E-5","0.09872611464968153","0.0","RPL10","2","2","20","-0.169","1.7255E-4","-0.2","4.2857E-4","-0.002","0.9794","false","false",,"Unclustered","0.6666666666666666","YLR075W","2.0","0","2","0","0.492831541218638","false","0","YLR075W","2","1.0"
"1","9.004032258064516","0.0","0.11106135244066279","0.0","YKL161C","1","1","16","-0.198","7.5801E-4","-0.319","0.022048","0.202","0.18731","false","false",,"Unclustered","0.0","YKL161C","2.0","0","1","0","0.555331541218638","false","0","YKL161C","0","0.0"
"1","9.78225806451613","0.004015933133080842","0.10222588623248144","0.0","RFA1","2","2","18","0.2","0.0081844","-0.007","0.91522","-0.302","0.0060792","false","false",,"Unclustered","0.6666666666666666","YAR007C","2.5","0","2","0","0.5120967741935484","false","0","YAR007C","1030","0.75"
"3","2.3333333333333335","0.0","0.42857142857142855","0.0","POT1","1","1","3","1.044","1.071E-6","0.674","3.103E-8","0.92","6.0801E-7","false","false",,"Unclustered","0.0","YIL160C","3.0","0","1","0","0.7333333333333333","false","0","YIL160C","0","0.0"
"3","2.0","0.0","0.5","0.0","MDH3","1","1","3","0.217","4.0255E-5","0.102","0.038943","-0.08","0.16505","false","false",,"Unclustered","0.0","YDL078C","5.0","0","1","0","0.8","false","0","YDL078C","0","0.0"
"3","1.5","0.3333333333333333","0.6666666666666666","0.3333333333333333","PEX7","3","3","2","-0.101","0.016464","0.112","0.16704","-0.069","0.401","false","false",,"Unclustered","2.0","YDR142C","3.3333333333333335","0","3","0","0.9","false","0","YDR142C","14","0.6"
"3","1.1666666666666667","0.5","0.8571428571428571","0.3","PEX5","5","5","2","0.369","2.7503E-6","-0.021","0.73489","0.483","4.3149E-4","false","false",,"Unclustered","1.4","YDR244W","2.4","0","5","0","0.9666666666666666","false","0","YDR244W","20","0.44"
"1","10.34274193548387","0.016063732532323367","0.09668615984405458","0.0","YLR432W","2","2","22","-0.197","6.6826E-5","-0.054","0.36112","-0.301","4.8207E-5","false","false",,"Unclustered","0.6666666666666666","YLR432W","2.5","0","2","0","0.4809587813620072","false","0","YLR432W","5116","0.5"
"1","11.330645161290322","0.00806451612903226","0.08825622775800712","0.0","TAF25","2","2","23","0.246","2.1837E-4","-0.219","0.0039024","0.355","0.01484","false","false",,"Unclustered","0.6666666666666666","YDR167W","1.5","0","2","0","0.4260752688172043","false","0","YDR167W","2560","0.5"
"1","8.911290322580646","0.0","0.11221719457013574","0.0","CBF5","1","1","19","0.038","0.47804","-0.597","5.549E-5","0.498","1.4113E-7","false","false",,"Unclustered","0.0","YLR175W","2.0","0","1","0","0.5604838709677419","false","0","YLR175W","0","0.0"
"1","7.67741935483871","0.0","0.13025210084033612","0.0","MLS1","1","1","16","0.973","1.92E-11","0.452","9.0335E-5","0.941","1.2597E-5","false","false",,"Unclustered","0.0","YNL117W","4.0","0","1","0","0.6290322580645161","false","0","YNL117W","0","0.0"
"1","10.225806451612904","0.0","0.09779179810725551","0.0","VPS21","1","1","19","0.193","1.1748E-4","-0.042","0.32501","0.378","8.2229E-6","false","false",,"Unclustered","0.0","YOR089C","2.0","0","1","0","0.4874551971326164","false","0","YOR089C","0","0.0"
"1","8.911290322580646","0.0","0.11221719457013574","0.0","MET16","1","1","19","-0.066","0.17278","-1.034","1.3067E-6","0.708","5.3086E-4","false","false",,"Unclustered","0.0","YPR167C","2.0","0","1","0","0.5604838709677419","false","0","YPR167C","0","0.0"
"3","1.8333333333333333","0.0","0.5454545454545455","1.0","PEX17","2","2","3","0.122","0.166","0.041","0.64313","0.199","0.11918","false","false",,"Unclustered","2.0","YNL214W","4.5","0","2","0","0.8333333333333334","false","0","YNL214W","0","0.9"
"1","7.649193548387097","0.051963637102235796","0.13073273589878756","0.0","CKS1","2","2","17","0.108","0.0084321","-0.018","0.6558","0.057","0.34065","false","false",,"Unclustered","0.6666666666666666","YBR135W","2.5","0","2","0","0.6306003584229392","false","0","YBR135W","6576","0.5"
"13","2.0","0.0","0.5","0.0","YAP1","1","1","3","0.359","9.2417E-8","-0.039","0.42858","0.331","0.0024709","false","false",,"Unclustered","0.0","YML007W","2.0","0","1","0","0.5","false","0","YML007W","0","0.0"
"13","1.3333333333333333","0.6666666666666666","0.75","0.0","KAP123","2","2","2","0.05","0.26052","-0.233","2.9645E-4","0.43","3.6344E-7","false","false",,"Unclustered","0.6666666666666666","YER110C","1.5","0","2","0","0.8333333333333334","false","0","YER110C","4","0.5"
"3","1.3333333333333333","0.16666666666666666","0.75","0.5","PEX14","4","4","2","0.242","1.2953E-4","-0.132","0.077941","0.627","0.0023167","false","false",,"Unclustered","1.4","YGL153W","3.0","0","4","0","0.9333333333333333","false","0","YGL153W","10","0.5"
"3","1.8333333333333333","0.0","0.5454545454545455","1.0","PEX13","2","2","3","0.178","7.6925E-4","-0.056","0.58305","0.222","0.097987","false","false",,"Unclustered","2.0","YLR191W","4.5","0","2","0","0.8333333333333334","false","0","YLR191W","0","0.9"
"1","13.09274193548387","8.162465717643987E-6","0.07637819525716046","0.0","DCP1","2","2","26","0.228","9.0847E-5","-0.248","0.0015911","0.254","0.059331","false","false",,"Unclustered","0.6666666666666666","YOL149W","4.0","0","2","0","0.3281810035842294","false","0","YOL149W","2","1.0"
"1","9.568548387096774","0.0","0.10450906026127266","0.0","YMR044W","1","1","21","0.255","4.4526E-5","-0.093","0.15055","0.357","8.8242E-4","false","false",,"Unclustered","0.0","YMR044W","5.0","0","1","0","0.5239695340501792","false","0","YMR044W","0","0.0"
"1","10.451612903225806","0.0","0.09567901234567902","0.0","PRE10","1","1","20","0.036","0.31634","-0.043","0.2984","0.225","0.0013356","false","false",,"Unclustered","0.0","YOR362C","5.0","0","1","0","0.474910394265233","false","0","YOR362C","0","0.0"
"1","8.556451612903226","0.04463374288779149","0.11687087653157398","0.0","RPS8B","2","2","18","-0.249","3.2712E-5","-0.364","3.6609E-6","-0.135","0.017595","false","false",,"Unclustered","0.6666666666666666","YER102W","3.5","0","2","0","0.5801971326164874","false","0","YER102W","5590","0.5"
"1","10.451612903225806","0.0","0.09567901234567902","0.0","GPD2","1","1","20","-0.499","3.3837E-8","-0.29","2.3802E-5","-0.591","1.5256E-9","false","false",,"Unclustered","0.0","YOL059W","5.0","0","1","0","0.474910394265233","false","0","YOL059W","0","0.0"
"1","9.116935483870968","0.0","0.1096859796550199","0.0","YBR190W","1","1","19","-0.209","4.514E-5","-0.3","3.8823E-4","0.07","0.66515","false","false",,"Unclustered","0.0","YBR190W","2.0","0","1","0","0.5490591397849462","false","0","YBR190W","0","0.0"
"2","10.65725806451613","0.016063732532323367","0.09383276579644342","0.0","SSA4","2","2","21","-0.405","1.2362E-4","0.176","0.013281","-0.826","8.3702E-13","false","false",,"Unclustered","0.6666666666666666","YER103W","3.5","0","2","0","0.4634856630824372","false","0","YER103W","2016","0.5"
"29","1.0","0.0","1.0","0.0","RPC40","1","1","1","-0.12","0.0019607","-0.339","1.2743E-5","-0.026","0.70564","false","false",,"Unclustered","0.0","YPR110C","1.0","0","1","0","1.0","false","0","YPR110C","0","0.0"
"29","1.0","0.0","1.0","0.0","RPC19","1","1","1","0.304","1.0276E-5","-0.979","4.8347E-7","0.789","0.0028937","false","false",,"Unclustered","0.0","YNL113W","1.0","0","1","0","1.0","false","0","YNL113W","0","0.0"
"1","8.616935483870968","0.0","0.11605053813757604","0.0","TRP4","1","1","19","-0.122","0.0090277","-0.202","0.0028196","-0.253","0.0012089","false","false",,"Unclustered","0.0","YDR354W","7.0","0","1","0","0.576836917562724","false","0","YDR354W","0","0.0"
"28","1.0","0.0","1.0","0.0","TRP2","1","1","1","-0.067","0.079619","-0.38","1.9673E-5","0.231","0.0015768","false","false",,"Unclustered","0.0","YER090W","1.0","0","1","0","1.0","false","0","YER090W","0","0.0"
"28","1.0","0.0","1.0","0.0","TRP3","1","1","1","-0.183","1.6589E-4","-0.6","4.2736E-7","0.358","1.5264E-4","false","false",,"Unclustered","0.0","YKL211C","1.0","0","1","0","1.0","false","0","YKL211C","0","0.0"
"1","5.903225806451613","0.3090620986402627","0.16939890710382513","0.0","SWI5","2","2","14","-0.19","0.0018541","0.102","0.1065","-0.027","0.76249","false","false",,"Unclustered","0.6666666666666666","YDR146C","14.5","0","2","0","0.7275985663082438","false","0","YDR146C","66656","0.5"
"1","6.596774193548387","0.0323842986929052","0.15158924205378974","0.0","SWI4","2","2","15","0.195","5.6134E-4","-0.105","0.33211","0.16","0.15558","false","false",,"Unclustered","0.6666666666666666","YER111C","11.0","0","2","0","0.6890681003584229","false","0","YER111C","3188","0.5"
"15","1.5","0.0","0.6666666666666666","0.0","CKB2","1","1","2","-0.006","0.87354","-0.058","0.20402","-0.006","0.92034","false","false",,"Unclustered","0.0","YOR039W","2.0","0","1","0","0.75","false","0","YOR039W","0","0.0"
"1","7.286290322580645","0.0","0.13724405091311567","0.0","RPS17A","1","1","17","-0.551","6.9725E-11","-0.454","1.5459E-6","-0.864","1.3115E-12","false","false",,"Unclustered","0.0","YML024W","17.0","0","1","0","0.6507616487455198","false","0","YML024W","0","0.0"
"1","8.008064516129032","0.00806451612903226","0.12487411883182277","0.0","YIL113W","2","2","15","-0.236","0.002113","0.211","0.002831","-0.137","0.23739","false","false",,"Unclustered","0.6666666666666666","YIL113W","2.5","0","2","0","0.610663082437276","false","0","YIL113W","746","0.5"
"1","9.004032258064516","0.0","0.11106135244066279","0.0","KNS1","1","1","16","0.258","1.3809E-5","0.215","6.085E-5","0.295","9.3514E-5","false","false",,"Unclustered","0.0","YLL019C","2.0","0","1","0","0.555331541218638","false","0","YLL019C","0","0.0"
"1","6.842741935483871","0.002147965220970317","0.14614024749558044","0.0","GAL3","2","2","15","-0.111","0.01257","-1.004","6.9834E-8","0.162","0.16498","false","false",,"Unclustered","0.6666666666666666","YDR009W","7.0","0","2","0","0.6754032258064515","false","0","YDR009W","816","0.6"
"1","7.620967741935484","1.5998432806582215E-4","0.1312169312169312","0.3333333333333333","GAL80","4","4","16","-0.07","0.080275","-0.606","4.3863E-8","-1.167","8.1952E-17","false","false",,"Unclustered","2.0","YML051W","5.333333333333333","0","4","1","0.632168458781362","false","0","YML051W","26","0.5"
"2","14.44758064516129","0.0","0.06921574099916271","0.0","PCL5","1","1","25","-0.614","5.0065E-11","-0.67","4.2811E-6","-0.499","6.8054E-8","false","false",,"Unclustered","0.0","YHR071W","2.0","0","1","0","0.25291218637992835","false","0","YHR071W","0","0.0"
"2","13.451612903225806","0.00806451612903226","0.07434052757793765","0.0","PHO85","2","2","24","-0.106","0.012838","0.125","0.0056375","-0.139","0.019984","false","false",,"Unclustered","0.6666666666666666","YPL031C","1.5","0","2","0","0.30824372759856633","false","0","YPL031C","1970","0.5"
"1","9.254032258064516","0.0","0.10806100217864924","0.0","PHO84","1","1","19","0.283","0.0015163","-0.114","0.019412","0.692","6.9606E-7","false","false",,"Unclustered","0.0","YML123C","2.0","0","1","0","0.5414426523297491","false","0","YML123C","0","0.0"
"27","1.0","0.0","1.0","0.0","FTR1","1","1","1","0.647","6.6247E-9","-0.78","6.332E-5","0.868","5.9656E-7","false","false",,"Unclustered","0.0","YER145C","1.0","0","1","0","1.0","false","0","YER145C","0","0.0"
"27","1.0","0.0","1.0","0.0","FET3","1","1","1","0.449","3.6962E-8","-0.293","4.7738E-4","0.64","1.6005E-8","false","false",,"Unclustered","0.0","YMR058W","1.0","0","1","0","1.0","false","0","YMR058W","0","0.0"
"26","1.0","0.0","1.0","0.0","RPS22A","1","1","1","-0.444","1.0479E-5","-0.443","1.8121E-6","-0.184","0.0020712","false","false",,"Unclustered","0.0","YJL190C","1.0","0","1","0","1.0","false","0","YJL190C","0","0.0"
"26","1.0","0.0","1.0","0.0","NPI46","1","1","1","0.118","0.02495","-0.38","5.2953E-5","0.389","3.3233E-5","false","false",,"Unclustered","0.0","YML074C","1.0","0","1","0","1.0","false","0","YML074C","0","0.0"
"1","8.068548387096774","0.032830692880320644","0.12393803098450774","0.0","GDS1","2","2","19","-0.176","1.6613E-4","-0.044","0.45777","0.43","0.0062666","false","false",,"Unclustered","0.6666666666666666","YOR355W","3.0","0","2","0","0.6073028673835126","false","0","YOR355W","4248","0.5"
"1","9.237903225806452","0.0","0.10824967263203841","0.0","YPT1","1","1","18","0.075","0.056883","-0.033","0.44841","0.12","0.073548","false","false",,"Unclustered","0.0","YFL038C","6.0","0","1","0","0.5423387096774194","false","0","YFL038C","0","0.0"
"1","6.786290322580645","0.014105787230052609","0.1473559120617944","0.0","SUC2","2","2","15","-0.318","4.1442E-7","0.688","1.7862E-9","-1.131","1.7403E-20","false","false",,"Unclustered","0.6666666666666666","YIL162W","6.5","0","2","0","0.6785394265232976","false","0","YIL162W","2426","0.5"
"2","8.915322580645162","0.0","0.11216644052464947","0.0","REG2","1","1","19","0.432","6.914E-8","0.679","2.9767E-8","0.122","0.28411","false","false",,"Unclustered","0.0","YBR050C","6.0","0","1","0","0.5602598566308243","false","0","YBR050C","0","0.0"
"2","8.915322580645162","0.0","0.11216644052464947","0.0","GLC8","1","1","19","0.214","0.0015202","0.021","0.64469","0.349","6.5604E-6","false","false",,"Unclustered","0.0","YMR311C","6.0","0","1","0","0.5602598566308243","false","0","YMR311C","0","0.0"
"2","8.915322580645162","0.0","0.11216644052464947","0.0","YOR315W","1","1","19","0.066","0.13594","-0.462","4.7159E-6","-0.063","0.50938","false","false",,"Unclustered","0.0","YOR315W","6.0","0","1","0","0.5602598566308243","false","0","YOR315W","0","0.0"
"2","8.745967741935484","0.11450306908710985","0.11433840479483633","0.0","GAC1","3","3","19","-0.137","0.0010176","0.462","1.5883E-6","-0.187","0.0036854","false","false",,"Unclustered","0.5","YOR178C","4.666666666666667","0","3","0","0.569668458781362","false","0","YOR178C","22434","0.36666666666666664"
"2","7.919354838709677","0.19096904792999872","0.12627291242362526","0.0","GLC7","6","6","18","0.051","0.20733","-0.085","0.063996","-0.051","0.36616","false","false",,"Unclustered","0.2857142857142857","YER133W","2.5","0","6","0","0.6155913978494625","false","0","YER133W","38412","0.1875"
"25","1.0","0.0","1.0","0.0","SNF2","1","1","1","-0.119","0.0030289","-0.101","0.029664","-0.577","3.6284E-13","false","false",,"Unclustered","0.0","YOR290C","1.0","0","1","0","1.0","false","0","YOR290C","0","0.0"
"25","1.0","0.0","1.0","0.0","RSC8","1","1","1","0.297","1.5078E-6","-0.226","0.013849","0.35","0.0035541","false","false",,"Unclustered","0.0","YFR037C","1.0","0","1","0","1.0","false","0","YFR037C","0","0.0"
"1","8.258064516129032","0.00806451612903226","0.12109375","0.0","PHO4","2","2","18","0.121","0.099513","-0.336","6.9671E-4","0.348","0.020802","false","false",,"Unclustered","0.6666666666666666","YFR034C","1.5","0","2","0","0.5967741935483871","false","0","YFR034C","1048","0.5"
"1","6.629032258064516","0.0","0.15085158150851583","1.0","CLN3","2","2","15","-0.027","0.66515","-0.206","0.0017369","0.303","0.0010074","false","false","Cluster 2","Clustered","2.0","YAL040C","11.0","0","2","0","0.6872759856630825","false","0","YAL040C","0","0.55"
"19","1.5","0.0","0.6666666666666666","0.0","YPL222W","1","1","2","0.344","6.9654E-7","0.284","1.3673E-4","0.514","4.6216E-5","false","false",,"Unclustered","0.0","YPL222W","2.0","0","1","0","0.75","false","0","YPL222W","0","0.0"
"19","1.0","1.0","1.0","0.0","UFD1","2","2","1","0.017","0.696","-0.155","0.028001","0.364","0.0043651","false","false",,"Unclustered","0.6666666666666666","YGR048W","1.0","0","2","0","1.0","false","0","YGR048W","2","0.0"
"16","1.5","0.0","0.6666666666666666","0.0","YMR291W","1","1","2","-0.363","7.9783E-8","0.256","0.012617","-0.397","5.3037E-9","false","false",,"Unclustered","0.0","YMR291W","2.0","0","1","0","0.75","false","0","YMR291W","0","0.0"
"1","9.653225806451612","0.09214253162274579","0.10359231411862992","0.0","SEC9","5","5","19","0.236","2.9579E-5","-0.185","0.017416","0.302","4.4067E-4","false","false",,"Unclustered","0.3333333333333333","YGR009C","1.8","0","5","0","0.5192652329749105","false","0","YGR009C","10322","0.26666666666666666"
"1","10.649193548387096","0.0","0.09390382430897388","0.0","SSO2","1","1","20","-0.822","2.1741E-11","0.256","0.0021146","-0.825","1.0306E-16","false","false",,"Unclustered","0.0","YMR183C","5.0","0","1","0","0.4639336917562724","false","0","YMR183C","0","0.0"
"1","9.233870967741936","0.0","0.10829694323144104","1.0","YDR100W","2","2","18","-0.007","0.86711","0.275","1.3164E-5","-0.415","5.7948E-10","false","false","Cluster 6","Clustered","2.0","YDR100W","4.0","0","2","0","0.5425627240143369","false","0","YDR100W","0","0.6666666666666666"
"1","9.233870967741936","0.0","0.10829694323144104","1.0","YGL161C","2","2","18","-0.07","0.053915","0.172","8.9167E-4","-0.164","0.0065587","false","false","Cluster 6","Clustered","2.0","YGL161C","4.0","0","2","0","0.5425627240143369","false","0","YGL161C","0","0.6666666666666666"
"24","1.0","0.0","1.0","0.0","RPL5","1","1","1","-0.228","1.0523E-5","-0.149","0.0049489","-0.246","1.4759E-4","false","false",,"Unclustered","0.0","YPL131W","1.0","0","1","0","1.0","false","0","YPL131W","0","0.0"
"24","1.0","0.0","1.0","0.0","YDL063C","1","1","1","0.093","0.055312","-0.755","0.0023991","0.971","0.0013668","false","false",,"Unclustered","0.0","YDL063C","1.0","0","1","0","1.0","false","0","YDL063C","0","0.0"
"1","7.661290322580645","0.008186953114796919","0.13052631578947368","0.0","SKO1","2","2","16","0.095","0.024036","0.1","0.079913","-0.18","0.015501","false","false",,"Unclustered","0.6666666666666666","YNL167C","2.0","0","2","0","0.6299283154121864","false","0","YNL167C","1474","0.5"
"18","1.0","1.0","1.0","0.0","YHR115C","2","2","1","0.056","0.143","0.044","0.33678","0.138","0.079261","false","false",,"Unclustered","0.6666666666666666","YHR115C","1.0","0","2","0","1.0","false","0","YHR115C","2","0.0"
"18","1.5","0.0","0.6666666666666666","0.0","YEL041W","1","1","2","0.211","4.7824E-4","0.393","3.204E-7","-0.265","0.035715","false","false",,"Unclustered","0.0","YEL041W","2.0","0","1","0","0.75","false","0","YEL041W","0","0.0"
"23","1.0","0.0","1.0","0.0","YDL113C","1","1","1","0.189","9.9404E-5","0.011","0.8523","0.304","0.0063436","false","false",,"Unclustered","0.0","YDL113C","1.0","0","1","0","1.0","false","0","YDL113C","0","0.0"
"23","1.0","0.0","1.0","0.0","SNX4","1","1","1","0.195","1.3457E-4","-0.051","0.36812","0.376","9.7735E-4","false","false",,"Unclustered","0.0","YJL036W","1.0","0","1","0","1.0","false","0","YJL036W","0","0.0"
"5","1.25","0.8333333333333333","0.8","0.0","CMD1","3","3","2","-0.089","0.024989","0.074","0.13694","-0.163","0.0092082","false","false",,"Unclustered","0.5","YBR109C","1.3333333333333333","0","3","0","0.9166666666666666","false","0","YBR109C","10","0.3333333333333333"
"5","2.0","0.0","0.5","0.0","CMK2","1","1","3","-0.365","6.846E-7","-0.108","0.024371","-0.138","0.027128","false","false",,"Unclustered","0.0","YOL016C","3.0","0","1","0","0.6666666666666666","false","0","YOL016C","0","0.0"
"12","2.0","0.0","0.5","0.0","MET14","1","1","3","-0.152","0.0020562","-0.474","2.7503E-6","0.683","2.7054E-7","false","false",,"Unclustered","0.0","YKL001C","2.0","0","1","0","0.5","false","0","YKL001C","0","0.0"
"12","1.3333333333333333","0.6666666666666666","0.75","0.0","YNL311C","2","2","2","-0.055","0.3444","-0.388","0.0089606","-0.169","0.12031","false","false",,"Unclustered","0.6666666666666666","YNL311C","1.5","0","2","0","0.8333333333333334","false","0","YNL311C","4","0.5"
"1","7.092741935483871","0.07052717862434464","0.14098919840818647","0.0","BUD6","2","2","16","0.071","0.18355","-0.201","0.0039398","0.21","0.072655","false","false",,"Unclustered","0.6666666666666666","YLR319C","5.5","0","2","0","0.6615143369175627","false","0","YLR319C","6196","0.5"
"1","8.818548387096774","0.0","0.1133973479652492","0.0","FCY1","1","1","17","-0.07","0.066907","-0.145","0.006637","-0.071","0.26496","false","false",,"Unclustered","0.0","YPR062W","5.0","0","1","0","0.5656362007168458","false","0","YPR062W","0","0.0"
"1","8.794354838709678","0.024013974141308608","0.11370930765703804","0.0","CAR1","3","3","17","0.186","7.2553E-4","-0.26","1.8582E-4","0.957","5.2368E-11","false","false",,"Unclustered","0.5","YPL111W","3.0","0","3","0","0.5669802867383512","false","0","YPL111W","4114","0.4"
"1","8.818548387096774","0.0","0.1133973479652492","0.0","PHO13","1","1","17","-0.223","2.9509E-4","-0.311","5.3874E-5","-0.258","8.095E-4","false","false",,"Unclustered","0.0","YDL236W","5.0","0","1","0","0.5656362007168458","false","0","YDL236W","0","0.0"
"1","7.82258064516129","0.05593285681277063","0.12783505154639177","0.0","SRP1","5","5","16","0.082","0.045195","0.014","0.79134","-0.573","1.4096E-8","false","false",,"Unclustered","0.3333333333333333","YNL189W","1.8","0","5","0","0.6209677419354839","false","0","YNL189W","9016","0.2"
"1","7.826612903225806","0.0","0.12776919113858837","0.0","AST1","1","1","17","-0.272","1.9402E-6","-0.487","7.0045E-6","-0.026","0.87354","false","false",,"Unclustered","0.0","YBL069W","2.0","0","1","0","0.6207437275985663","false","0","YBL069W","0","0.0"
"2","9.67741935483871","0.06332440903748204","0.10333333333333333","0.0","HSF1","5","5","20","0.104","0.034847","-0.084","0.42981","0.543","6.2254E-4","false","false",,"Unclustered","0.3333333333333333","YGL073W","2.0","0","5","0","0.517921146953405","false","0","YGL073W","9976","0.25"
"2","10.673387096774194","0.0","0.09369097091046467","0.0","HSP26","1","1","21","-1.232","1.3135E-6","0.895","2.3868E-5","-0.447","3.3493E-11","false","false",,"Unclustered","0.0","YBR072W","5.0","0","1","0","0.462589605734767","false","0","YBR072W","0","0.0"
"1","8.120967741935484","0.00806451612903226","0.12313803376365441","0.0","SFH1","2","2","18","0.252","2.6832E-5","-0.352","5.2576E-4","0.427","0.0047054","false","false",,"Unclustered","0.6666666666666666","YLR321C","4.0","0","2","0","0.6043906810035842","false","0","YLR321C","1032","0.5"
"1","8.415322580645162","0.07083561164794024","0.11883085769046477","0.0","TAH18","3","3","20","0.113","0.12893","-0.191","0.54556","0.289","0.063048","false","false",,"Unclustered","0.5","YPR048W","2.6666666666666665","0","3","0","0.5880376344086021","false","0","YPR048W","19552","0.3333333333333333"
"1","7.870967741935484","0.19692135494995616","0.12704918032786885","0.0","GCR2","3","3","19","0.121","0.005054","-0.162","0.0077746","0.433","5.6535E-5","false","false",,"Unclustered","0.5","YNL199C","5.0","0","3","0","0.6182795698924731","false","0","YNL199C","89866","0.3333333333333333"
"1","7.491935483870968","0.18002253938652","0.13347685683530677","0.0","GCR1","7","7","18","-0.373","2.4947E-7","-0.207","0.046834","-0.53","5.2661E-6","false","false",,"Unclustered","0.25","YPL075W","2.4285714285714284","0","7","0","0.639336917562724","false","0","YPL075W","90670","0.2857142857142857"
"8","2.0","0.0","0.5","0.0","OYE2","1","1","3","-0.565","2.6358E-8","0.078","0.098356","-0.671","3.6995E-11","false","false",,"Unclustered","0.0","YHR179W","3.0","0","1","0","0.6666666666666666","false","0","YHR179W","0","0.0"
"8","2.0","0.0","0.5","0.0","GLK1","1","1","3","-0.146","0.0093643","0.542","1.0508E-6","-0.221","2.0566E-4","false","false",,"Unclustered","0.0","YCL040W","3.0","0","1","0","0.6666666666666666","false","0","YCL040W","0","0.0"
"8","1.25","0.8333333333333333","0.8","0.0","ACT1","3","3","2","-0.16","3.2175E-4","0.192","1.31E-4","-0.527","6.0582E-12","false","false",,"Unclustered","0.5","YFL039C","1.3333333333333333","0","3","0","0.9166666666666666","false","0","YFL039C","10","0.3333333333333333"
"8","2.25","0.0","0.4444444444444444","0.0","RPP1B","1","1","3","-0.3","1.0483E-5","-0.123","0.01128","-0.24","2.1405E-5","false","false",,"Unclustered","0.0","YDL130W","2.0","0","1","0","0.5833333333333334","false","0","YDL130W","0","0.0"
"8","1.5","0.5","0.6666666666666666","0.0","RPP2B","2","2","2","-0.218","1.427E-5","-0.058","0.18479","-0.314","1.4245E-7","false","false",,"Unclustered","0.6666666666666666","YDR382W","2.0","0","2","0","0.8333333333333334","false","0","YDR382W","6","0.5"
"1","9.758064516129032","0.0","0.1024793388429752","0.0","TOR1","1","1","18","-0.028","0.47775","0.326","2.5298E-5","0.111","0.1951","false","false",,"Unclustered","0.0","YJR066W","2.0","0","1","0","0.5134408602150538","false","0","YJR066W","0","0.0"
"1","6.463709677419355","0.0535743871368138","0.15470991890205862","0.3333333333333333","","3","3","15",,,,,,,"false","false",,"Unclustered","2.0","?","8.0","0","3","0","0.6964605734767024","false","0","?","7092","0.40350877192982454"
"7","2.5","0.0","0.4","0.0","YKL204W","1","1","4","0.253","6.4944E-6","-0.002","0.9794","0.16","0.091109","false","false",,"Unclustered","0.0","YKL204W","2.0","0","1","0","0.25","false","0","YKL204W","0","0.0"
"7","1.75","0.5","0.5714285714285714","0.0","YCK2","2","2","3","-0.013","0.76333","-0.066","0.21924","-0.438","2.3558E-7","false","false",,"Unclustered","0.6666666666666666","YNL154C","1.5","0","2","0","0.625","false","0","YNL154C","6","0.5"
"1","8.887096774193548","0.025449187763899796","0.11252268602540835","0.0","YNL047C","2","2","18","0.14","0.0026155","-0.078","0.19124","0.029","0.7773","false","false",,"Unclustered","0.6666666666666666","YNL047C","2.5","0","2","0","0.5618279569892474","false","0","YNL047C","6152","0.5"
"7","2.5","0.0","0.4","0.0","YNL116W","1","1","4","0.165","2.6759E-4","0.027","0.63152","0.358","2.7658E-4","false","false",,"Unclustered","0.0","YNL116W","2.0","0","1","0","0.25","false","0","YNL116W","0","0.0"
"7","1.75","0.5","0.5714285714285714","0.0","YCK1","2","2","3","0.082","0.037285","-0.049","0.23999","0.119","0.037227","false","false",,"Unclustered","0.6666666666666666","YHR135C","1.5","0","2","0","0.625","false","0","YHR135C","6","0.5"
"1","11.173387096774194","0.05441933833438333","0.08949837603753158","0.0","TEM1","4","4","22","-0.218","0.37089","-0.069","0.45319","-0.0","0.999999","false","false",,"Unclustered","0.4","YML064C","1.75","0","4","0","0.43481182795698925","false","0","YML064C","9690","0.25"
"1","6.810483870967742","0.03966958338774978","0.14683244523386618","0.0","MUD2","2","2","15","0.002","0.96433","-0.294","2.8457E-4","0.608","3.4465E-4","false","false",,"Unclustered","0.6666666666666666","YKL074C","7.0","0","2","0","0.6771953405017921","false","0","YKL074C","5180","0.5"
"22","1.0","0.0","1.0","0.0","RPP0","1","1","1","-0.259","4.9964E-6","-0.148","0.0063648","-0.361","2.0593E-7","false","false",,"Unclustered","0.0","YLR340W","1.0","0","1","0","1.0","false","0","YLR340W","0","0.0"
"22","1.0","0.0","1.0","0.0","RPP1A","1","1","1","-0.429","1.705E-5","-0.094","0.048133","-0.278","5.9631E-6","false","false",,"Unclustered","0.0","YDL081C","1.0","0","1","0","1.0","false","0","YDL081C","0","0.0"
"2","11.637096774193548","0.008080841060467546","0.08593208593208594","0.0","CUP2","3","3","22","-0.073","0.33486","0.243","0.0012181","0.147","0.032147","false","false",,"Unclustered","0.5","YGL166W","1.6666666666666667","0","3","0","0.4090501792114696","false","0","YGL166W","2010","0.6666666666666666"
"2","12.633064516129032","0.0","0.07915735716565592","0.0","TPO1","1","1","23","-0.189","1.7163E-4","-0.101","0.27319","-0.24","0.0047822","false","false",,"Unclustered","0.0","YLL028W","3.0","0","1","0","0.35371863799283154","false","0","YLL028W","0","0.0"
"1","10.818548387096774","0.06016548914060989","0.09243384271338055","0.0","HMO1","3","3","21","-0.314","5.1646E-8","-0.083","0.10372","-0.356","3.4721E-8","false","false",,"Unclustered","0.5","YDR174W","2.6666666666666665","0","3","0","0.4545250896057348","false","0","YDR174W","8006","0.3333333333333333"
"1","10.310483870967742","0.05928044464351106","0.09698865858427845","0.0","MSN5","2","2","20","0.028","0.8595","0.189","0.071598","0.272","0.2334","false","false",,"Unclustered","0.6666666666666666","YDR335W","4.0","0","2","0","0.48275089605734767","false","0","YDR335W","7266","0.5"
"17","1.5","0.0","0.6666666666666666","0.0","FRE1","1","1","2","0.518","4.6835E-9","-0.279","0.0018109","0.282","0.039051","false","false",,"Unclustered","0.0","YLR214W","2.0","0","1","0","0.75","false","0","YLR214W","0","0.0"
"17","1.0","1.0","1.0","0.0","MAC1","2","2","1","0.022","0.6115","-0.032","0.59236","0.066","0.54119","false","false",,"Unclustered","0.6666666666666666","YMR021C","1.0","0","2","0","1.0","false","0","YMR021C","2","0.0"
"1","6.754032258064516","0.0184850188555948","0.1480597014925373","0.0","FBP1","2","2","15","0.873","2.1938E-10","1.067","5.8901E-11","0.371","0.0037868","false","false",,"Unclustered","0.6666666666666666","YLR377C","7.5","0","2","0","0.680331541218638","false","0","YLR377C","3426","0.5"
"1","7.556451612903226","0.04069206825997998","0.13233724653148346","0.0","ICL1","2","2","16","0.65","1.8931E-10","0.591","4.8501E-9","1.147","3.4625E-8","false","false",,"Unclustered","0.6666666666666666","YER065C","4.5","0","2","0","0.635752688172043","false","0","YER065C","4226","0.5"
"1","6.681451612903226","0.057783622661348955","0.1496680748340374","0.0","SIP4","4","4","15","0.037","0.72688","0.169","0.55601","0.442","0.033306","false","false",,"Unclustered","0.4","YJL089W","1.75","0","4","0","0.6843637992831542","false","0","YJL089W","7016","0.25"
"1","7.020161290322581","0.03824805858892316","0.1424468696151637","0.0","SLT2","4","4","14","-0.227","1.349E-4","-0.24","2.7258E-4","0.21","0.0033506","false","false",,"Unclustered","0.4","YHR030C","2.0","0","4","0","0.6655465949820789","false","0","YHR030C","3506","0.25"
"1","8.008064516129032","0.00806451612903226","0.12487411883182277","0.0","RLM1","2","2","15","-0.06","0.14513","-0.037","0.47601","0.209","0.0026491","false","false",,"Unclustered","0.6666666666666666","YPL089C","2.5","0","2","0","0.610663082437276","false","0","YPL089C","746","0.5"
"16","1.5","0.0","0.6666666666666666","0.0","SIP2","1","1","2","0.354","1.7995E-6","0.406","1.1069E-6","0.139","0.097498","false","false",,"Unclustered","0.0","YGL208W","2.0","0","1","0","0.75","false","0","YGL208W","0","0.0"
"16","1.0","1.0","1.0","0.0","SNF4","2","2","1","-0.111","0.0058541","0.112","0.011234","-0.221","0.0027535","false","false",,"Unclustered","0.6666666666666666","YGL115W","1.0","0","2","0","1.0","false","0","YGL115W","2","0.0"
"2","11.64516129032258","0.00806451612903226","0.08587257617728532","0.0","CDC25","2","2","22","0.015","0.67137","-0.037","0.41028","-0.071","0.25519","false","false",,"Unclustered","0.6666666666666666","YLR310C","1.5","0","2","0","0.40860215053763443","false","0","YLR310C","1010","0.5"
"2","12.641129032258064","0.0","0.07910685805422647","0.0","RAS2","1","1","23","0.05","0.20515","0.062","0.23242","0.293","1.0426E-4","false","false",,"Unclustered","0.0","YNL098C","2.0","0","1","0","0.35327060931899645","false","0","YNL098C","0","0.0"
"1","11.338709677419354","0.0","0.08819345661450925","0.0","UGA1","1","1","23","-0.163","0.0086582","0.234","0.0011998","-0.258","6.2171E-5","false","false",,"Unclustered","0.0","YGR019W","3.0","0","1","0","0.4256272401433692","false","0","YGR019W","0","0.0"
"1","11.338709677419354","0.0","0.08819345661450925","0.0","GLN1","1","1","23","-0.197","2.3885E-5","-1.06","2.9298E-9","-0.172","0.036009","false","false",,"Unclustered","0.0","YPR035W","3.0","0","1","0","0.4256272401433692","false","0","YPR035W","0","0.0"
"1","10.34274193548387","0.016096382395193943","0.09668615984405458","0.0","GLN3","3","3","22","0.098","0.38375","-0.513","0.010321","0.537","0.0018683","false","false",,"Unclustered","0.5","YER040W","1.6666666666666667","0","3","0","0.4809587813620072","false","0","YER040W","5118","0.3333333333333333"
"1","6.830645161290323","0.00806451612903226","0.14639905548996457","0.0","PMA1","2","2","16","-0.352","1.0007E-5","-0.282","7.1366E-4","-0.573","1.2622E-6","false","false",,"Unclustered","0.6666666666666666","YGL008C","9.5","0","2","0","0.6760752688172043","false","0","YGL008C","1032","0.5"
"1","8.241935483870968","0.13339563335971863","0.12133072407045009","0.06666666666666667","PEP12","6","6","17","0.071","0.092135","0.037","0.43055","0.491","1.6313E-6","false","false","Cluster 6","Seed","2.0","YOR036W","2.0","0","6","0","0.5976702508960573","false","0","YOR036W","13532","0.2222222222222222"
"1","9.22983870967742","0.00806451612903226","0.10834425513324596","0.0","PEP7","2","2","18","0.164","0.10243","0.0","0.999999","0.052","0.69287","false","false",,"Unclustered","0.6666666666666666","YDR323C","3.5","0","2","0","0.5427867383512545","false","0","YDR323C","618","0.5"
"1","10.080645161290322","1.6324931435287973E-5","0.09920000000000001","0.0","PDR3","2","2","20","-0.0","0.64313","0.0","0.999999","0.0","0.999999","false","false",,"Unclustered","0.6666666666666666","YBL005W","2.0","0","2","0","0.4955197132616488","false","0","YBL005W","2","1.0"
"1","6.782258064516129","0.00806451612903226","0.14744351961950058","0.3333333333333333","CDC28","3","3","16","-0.016","0.7432","-0.087","0.32105","-0.405","0.026081","false","false","Cluster 2","Clustered","2.0","YBR160W","7.333333333333333","0","3","0","0.6787634408602151","false","0","YBR160W","1030","0.3684210526315789"
"1","7.778225806451613","0.0","0.128564022809746","0.0","HSL1","1","1","17","-0.01","0.96433","0.78","1.6928E-9","0.439","0.0030233","false","false",,"Unclustered","0.0","YKL101W","3.0","0","1","0","0.6234318996415771","false","0","YKL101W","0","0.0"
"1","9.09274193548387","0.004015933133080842","0.10997782705099779","0.0","HXT11","2","2","19","0.298","8.1828E-6","0.462","5.1939E-5","0.105","0.28091","false","false",,"Unclustered","0.6666666666666666","YOL156W","2.5","0","2","0","0.5504032258064516","false","0","YOL156W","1028","0.75"
"1","9.09274193548387","0.004015933133080842","0.10997782705099779","0.0","HXT9","2","2","19","0.298","5.6008E-6","0.592","1.6899E-9","-0.162","0.097946","false","false",,"Unclustered","0.6666666666666666","YJL219W","2.5","0","2","0","0.5504032258064516","false","0","YJL219W","1028","0.75"
"1","7.326612903225806","0.013340578493379851","0.1364887176664832","0.0","SPA2","2","2","15","-0.155","3.4013E-4","0.05","0.23036","-0.036","0.62229","false","false",,"Unclustered","0.6666666666666666","YLL021W","6.5","0","2","0","0.6485215053763441","false","0","YLL021W","1028","0.5"
"1","12.576612903225806","0.0","0.07951266431548573","0.0","PFK27","1","1","25","-0.646","1.9054E-8","-0.086","0.39614","-0.472","0.0081753","false","false",,"Unclustered","0.0","YOL136C","2.0","0","1","0","0.35685483870967744","false","0","YOL136C","0","0.0"
"1","11.580645161290322","0.00806451612903226","0.08635097493036212","0.0","PRP21","2","2","24","0.083","0.13783","-0.46","6.541E-4","0.401","0.0046881","false","false",,"Unclustered","0.6666666666666666","YJL203W","2.0","0","2","0","0.4121863799283154","false","0","YJL203W","2604","0.5"
"1","9.09274193548387","0.004015933133080842","0.10997782705099779","0.0","AUT1","2","2","19","0.078","0.061024","0.196","3.1083E-4","0.161","0.10191","false","false",,"Unclustered","0.6666666666666666","YNR007C","2.5","0","2","0","0.5504032258064516","false","0","YNR007C","1028","0.75"
"1","6.82258064516129","2.448739715293196E-5","0.14657210401891255","0.6666666666666666","STE2","3","3","16","-0.653","1.3644E-10","-0.396","4.1738E-6","-0.74","2.884E-14","false","false",,"Unclustered","1.6666666666666667","YFL026W","9.333333333333334","0","3","0","0.6765232974910395","false","0","YFL026W","6","0.49122807017543857"
"1","6.354838709677419","0.15125755355610407","0.15736040609137056","0.16666666666666666","FAR1","4","4","14","-0.158","5.9763E-4","-0.803","4.7408E-8","0.972","6.3708E-7","false","false","Cluster 2","Clustered","2.0","YJL157C","6.0","0","4","0","0.7025089605734767","false","0","YJL157C","15458","0.275"
"1","6.82258064516129","2.448739715293196E-5","0.14657210401891255","0.6666666666666666","MFA2","3","3","16","-0.764","3.148E-11","-0.098","0.05338","-1.237","1.1916E-10","false","false",,"Unclustered","1.6666666666666667","YNL145W","9.333333333333334","0","3","0","0.6765232974910395","false","0","YNL145W","6","0.49122807017543857"
"1","6.82258064516129","2.448739715293196E-5","0.14657210401891255","0.6666666666666666","MFA1","3","3","16","-0.659","2.4721E-10","-0.147","0.011212","-0.526","5.5223E-10","false","false",,"Unclustered","1.6666666666666667","YDR461W","9.333333333333334","0","3","0","0.6765232974910395","false","0","YDR461W","6","0.49122807017543857"
"1","6.741935483870968","0.05930985624811539","0.14832535885167464","0.3333333333333333","CLB1","3","3","16","-0.25","7.5764E-7","-0.566","2.3869E-7","0.101","0.1936","false","false","Cluster 2","Clustered","2.0","YGR108W","7.666666666666667","0","3","0","0.6810035842293907","false","0","YGR108W","7562","0.36666666666666664"
"1","6.701612903225806","0.04542208558713064","0.14921780986762936","0.0","PCK1","2","2","16","1.289","7.092E-13","1.224","1.8547E-10","0.123","0.13819","false","false",,"Unclustered","0.6666666666666666","YKR097W","11.0","0","2","0","0.6832437275985663","false","0","YKR097W","4434","0.5"
"1","6.830645161290323","0.00806451612903226","0.14639905548996457","0.0","HSP150","2","2","16","-0.357","6.8879E-8","0.111","0.041194","0.001","0.999999","false","false",,"Unclustered","0.6666666666666666","YJL159W","9.5","0","2","0","0.6760752688172043","false","0","YJL159W","1032","0.5"
"1","6.826612903225806","0.0","0.14648552864737155","1.0","BAR1","2","2","16","-0.622","7.0996E-11","-0.207","0.0040782","-1.117","2.9167E-11","false","false",,"Unclustered","2.0","YIL015W","12.0","0","2","0","0.6762992831541219","false","0","YIL015W","0","0.631578947368421"
"1","5.842741935483871","0.5264582027103254","0.17115251897860592","0.058823529411764705","MCM1","18","18","15","-0.183","0.0035372","-0.654","4.2514E-6","0.457","2.4112E-4","false","false","Cluster 2","Seed","2.1999999999999997","YMR043W","2.6666666666666665","0","18","0","0.7309587813620071","false","0","YMR043W","86646","0.10101010101010101"
"11","6.786290322580645","0.033738191632928474","0.1473559120617944","0.3333333333333333","HAP4","4","4","15","0.084","0.045375","0.295","3.1802E-6","-0.117","0.071395","false","false","Cluster 1","Clustered","1.6666666666666667","YKL109W","5.0","0","4","0","0.6785394265232976","false","0","YKL109W","6894","0.3392857142857143"
"1","10.080645161290322","1.6324931435287973E-5","0.09920000000000001","0.0","APG12","2","2","20","0.088","0.143","-0.332","0.011008","0.378","0.012775","false","false",,"Unclustered","0.6666666666666666","YBR217W","2.0","0","2","0","0.4955197132616488","false","0","YBR217W","2","1.0"
"1","8.10483870967742","0.024013974141308608","0.12338308457711442","0.0","APG7","3","3","18","-0.134","0.030789","0.251","2.257E-4","0.034","0.7782","false","false",,"Unclustered","0.5","YHR171W","3.6666666666666665","0","3","0","0.6052867383512545","false","0","YHR171W","4106","0.38095238095238093"
"1","9.09274193548387","0.004015933133080842","0.10997782705099779","0.0","APG5","2","2","19","0.033","0.47027","0.116","0.043291","0.488","1.5579E-5","false","false",,"Unclustered","0.6666666666666666","YPL149W","2.5","0","2","0","0.5504032258064516","false","0","YPL149W","1028","0.75"
"1","9.75","0.0","0.10256410256410256","0.0","TFA1","1","1","20","0.214","3.5042E-5","-0.146","0.025221","0.337","4.9898E-5","false","false",,"Unclustered","0.0","YKL028W","2.0","0","1","0","0.5138888888888888","false","0","YKL028W","0","0.0"
"1","8.754032258064516","0.00806451612903226","0.11423307231690466","0.0","TFB1","2","2","19","0.098","0.056092","-0.043","0.60829","0.332","0.0087786","false","false",,"Unclustered","0.6666666666666666","YDR311W","1.5","0","2","0","0.5692204301075269","false","0","YDR311W","612","0.5"
"11","7.733870967741935","0.0","0.12930135557872785","1.0","HAP3","2","2","16","0.073","0.18207","-0.256","0.015004","-0.108","0.497","false","false","Cluster 1","Clustered","2.0","YBL021C","4.5","0","2","0","0.6258960573476702","false","0","YBL021C","0","0.75"
"11","7.733870967741935","0.0","0.12930135557872785","1.0","HAP2","2","2","16","0.127","0.002588","0.05","0.22211","0.059","0.35299","false","false","Cluster 1","Seed","2.0","YGL237C","4.5","0","2","0","0.6258960573476702","false","0","YGL237C","0","0.75"
"6","9.528225806451612","0.0","0.1049513330512061","0.0","CYC7","1","1","18","-0.319","2.8783E-6","0.377","7.3568E-7","-1.373","4.9668E-7","false","false",,"Unclustered","0.0","YEL039C","4.0","0","1","0","0.5262096774193549","false","0","YEL039C","0","0.0"
"11","7.568548387096774","0.040798180314309346","0.1321257325519446","0.2","CYC1","5","5","16","0.216","3.3444E-5","0.14","0.005959","-0.643","1.6071E-8","false","false","Cluster 1","Clustered","1.6666666666666667","YJR048W","4.4","0","5","0","0.6350806451612904","false","0","YJR048W","9044","0.26666666666666666"
"6","9.52016129032258","0.00806451612903226","0.10504023718763236","0.0","CYB2","2","2","18","0.963","3.5964E-11","0.856","1.3947E-8","-0.091","0.25421","false","false",,"Unclustered","0.6666666666666666","YML054C","2.5","0","2","0","0.52665770609319","false","0","YML054C","1786","0.5"
"6","8.53225806451613","0.032029515476035005","0.11720226843100189","0.0","HAP1","4","4","17","0.011","0.79725","-0.087","0.063023","0.104","0.2243","false","false",,"Unclustered","0.4","YLR256W","2.25","0","4","0","0.5815412186379928","false","0","YLR256W","7130","0.25"
"15","1.0","1.0","1.0","0.0","CPA1","2","2","1","-0.127","0.002137","-0.089","0.15221","0.403","1.5854E-4","false","false",,"Unclustered","0.6666666666666666","YOR303W","1.0","0","2","0","1.0","false","0","YOR303W","2","0.0"
"15","1.5","0.0","0.6666666666666666","0.0","CPA2","1","1","2","-0.323","1.2917E-7","-0.0","0.61381","-0.745","0.030981","false","false",,"Unclustered","0.0","YJR109C","2.0","0","1","0","0.75","false","0","YJR109C","0","0.0"
"1","10.07258064516129","0.00806451612903226","0.09927942353883107","0.0","YGR058W","2","2","20","0.045","0.44242","-0.16","0.10763","-0.065","0.6708","false","false",,"Unclustered","0.6666666666666666","YGR058W","1.5","0","2","0","0.4959677419354839","false","0","YGR058W","1032","0.5"
"1","7.342741935483871","0.00806451612903226","0.13618890719384955","0.0","CDC42","2","2","15","-0.074","0.066961","0.089","0.031442","-0.154","0.030339","false","false",,"Unclustered","0.6666666666666666","YLR229C","2.5","0","2","0","0.6476254480286738","false","0","YLR229C","750","0.5"
"1","8.338709677419354","0.0","0.11992263056092844","0.0","GIC2","1","1","16","-0.427","1.6598E-8","-0.129","0.032663","-0.798","1.2554E-13","false","false",,"Unclustered","0.0","YDR309C","2.0","0","1","0","0.5922939068100359","false","0","YDR309C","0","0.0"
"1","9.084677419354838","0.016063732532323367","0.11007545494895696","0.0","YOR264W","2","2","19","0.493","1.939E-8","0.237","0.016862","0.307","0.011809","false","false",,"Unclustered","0.6666666666666666","YOR264W","2.0","0","2","0","0.5508512544802868","false","0","YOR264W","2060","0.5"
"1","8.762096774193548","0.008064516129032258","0.11412793373216751","0.0","MSL5","2","2","17","0.015","0.74865","-0.03","0.60558","0.101","0.35769","false","false",,"Unclustered","0.6666666666666666","YLR116W","2.0","0","2","0","0.5687724014336918","false","0","YLR116W","1044","0.5"
"1","9.78225806451613","0.004015933133080842","0.10222588623248144","0.0","RFA2","2","2","18","0.028","0.47284","-0.111","0.034589","-0.121","0.24786","false","false",,"Unclustered","0.6666666666666666","YNL312W","2.5","0","2","0","0.5120967741935484","false","0","YNL312W","1030","0.75"
"1","10.77016129032258","1.6324931435287973E-5","0.09284912017970798","0.0","RAD52","2","2","19","0.199","3.3893E-4","-0.136","0.033332","0.363","0.0030735","false","false",,"Unclustered","0.6666666666666666","YML032C","2.0","0","2","0","0.45721326164874554","false","0","YML032C","2","1.0"
"1","7.774193548387097","0.03199686561316442","0.12863070539419086","0.0","PRP40","3","3","16","0.21","4.2719E-4","-0.277","3.5398E-4","0.561","8.7173E-5","false","false",,"Unclustered","0.5","YKL012W","2.0","0","3","0","0.6236559139784946","false","0","YKL012W","4160","0.3333333333333333"
"1","8.762096774193548","0.008064516129032258","0.11412793373216751","0.0","SIN4","2","2","17","-0.146","0.018347","-0.218","0.053936","-0.141","0.39009","false","false",,"Unclustered","0.6666666666666666","YNL236W","2.0","0","2","0","0.5687724014336918","false","0","YNL236W","1044","0.5"
"1","7.471774193548387","0.04365489979960407","0.1338370210469509","0.0","YNL091W","3","3","18","0.288","1.9735E-6","0.154","0.026384","0.723","2.3704E-4","false","false",,"Unclustered","0.5","YNL091W","2.6666666666666665","0","3","0","0.6404569892473118","false","0","YNL091W","5154","0.3333333333333333"
"1","7.120967741935484","0.07028774629662708","0.14043035107587767","0.0","ATC1","2","2","17","0.04","0.4641","-0.886","9.3996E-7","0.404","0.10407","false","false",,"Unclustered","0.6666666666666666","YDR184C","3.5","0","2","0","0.6599462365591398","false","0","YDR184C","6204","0.5"
"1","7.766129032258065","0.016063732532323367","0.12876427829698858","0.0","SSL2","2","2","18","0.124","0.019613","0.069","0.36733","0.264","0.045357","false","false",,"Unclustered","0.6666666666666666","YIL143C","3.5","0","2","0","0.6241039426523298","false","0","YIL143C","1220","0.5"
"1","6.463709677419355","0.10314676562391069","0.15470991890205862","0.0","BAS1","3","3","16","0.466","6.1231E-6","-0.936","7.6476E-6","1.101","6.9896E-4","false","false",,"Unclustered","0.5","YKR099W","3.6666666666666665","0","3","0","0.6964605734767024","false","0","YKR099W","12284","0.3333333333333333"
"1","6.786290322580645","0.12134232490768984","0.1473559120617944","0.0","MSL1","5","5","17","-0.044","0.74397","-0.337","0.19987","-0.049","0.89526","false","false",,"Unclustered","0.3333333333333333","YIR009W","2.2","0","5","0","0.6785394265232976","false","0","YIR009W","12160","0.2"
"1","7.629032258064516","0.0","0.13107822410147993","1.0","GAL7","2","2","16","0.153","7.8855E-4","-1.995","3.6284E-11","3.126","3.9427E-17","false","false",,"Unclustered","2.0","YBR018C","7.5","0","2","0","0.6317204301075269","false","0","YBR018C","0","0.75"
"1","6.637096774193548","0.05907389158662482","0.15066828675577157","0.17777777777777778","GAL4","11","11","15","0.1","0.11614","-0.758","1.264E-4","-0.211","0.088214","false","false",,"Unclustered","2.4000000000000004","YPL248C","3.9","0","11","1","0.6868279569892474","false","0","YPL248C","10716","0.19473684210526315"
"1","7.629032258064516","0.0","0.13107822410147993","1.0","GAL2","2","2","16","0.176","2.4597E-4","-0.57","1.6652E-7","0.892","7.3429E-10","false","false",,"Unclustered","2.0","YLR081W","7.5","0","2","0","0.6317204301075269","false","0","YLR081W","0","0.75"
"1","6.794354838709677","0.004325315318524142","0.14718100890207717","0.5","GAL1","4","4","15","-2.426","7.0101E-9","-2.406","2.5038E-9","2.939","2.8147E-18","false","false",,"Unclustered","1.4","YBR020W","7.25","0","4","0","0.6780913978494625","false","0","YBR020W","1638","0.4264705882352941"
"1","5.854838709677419","0.40813643896770485","0.17079889807162535","0.05454545454545454","MIG1","11","11","14","0.345","1.102E-7","0.31","1.7172E-6","-0.28","0.0070533","false","false",,"Unclustered","1.4","YGL035C","3.3636363636363638","0","11","0","0.7302867383512545","false","0","YGL035C","92790","0.14354066985645933"
"1","7.616935483870968","9.250794479996518E-5","0.131286394917946","0.4","GAL11","5","5","16","0.171","0.001834","0.055","0.33923","0.111","0.30922","false","false",,"Unclustered","1.2","YOL051W","4.2","0","5","0","0.6323924731182795","false","0","YOL051W","12","0.42"
"1","6.798387096774194","0.002154495193544422","0.14709371293001186","0.6666666666666666","GAL10","3","3","15","0.061","0.098603","-1.993","3.3164E-11","2.856","3.9398E-18","false","false",,"Unclustered","1.6666666666666667","YBR019C","8.666666666666666","0","3","0","0.6778673835125448","false","0","YBR019C","818","0.5098039215686274"
"1","7.915322580645161","0.00806451612903226","0.12633723892002038","0.0","CBF1","2","2","18","0.165","0.0013953","-0.306","0.0034755","0.103","0.43529","false","false",,"Unclustered","0.6666666666666666","YJR060W","2.0","0","2","0","0.61581541218638","false","0","YJR060W","614","0.5"
"1","7.838709677419355","0.0","0.12757201646090535","1.0","STE5","2","2","16","-0.068","0.34875","-0.121","0.42858","0.023","0.92304","false","false","Cluster 5","Clustered","2.0","YDR103W","6.5","0","2","0","0.6200716845878136","false","0","YDR103W","0","0.5909090909090909"
"1","6.862903225806452","0.22363877796488502","0.14571092831962396","0.027777777777777776","STE11","9","9","15","0.144","0.023963","0.037","0.50139","0.374","0.0010869","false","false","Cluster 5","Clustered","2.0","YLR362W","2.2222222222222223","0","9","0","0.6742831541218638","false","0","YLR362W","21270","0.14444444444444443"
"1","8.818548387096774","0.0","0.1133973479652492","0.0","YDR032C","1","1","17","0.113","0.026191","0.331","2.0333E-6","-0.211","7.1391E-4","false","false",,"Unclustered","0.0","YDR032C","4.0","0","1","0","0.5656362007168458","false","0","YDR032C","0","0.0"
"1","7.82258064516129","0.03196421575029385","0.12783505154639177","0.16666666666666666","STE50","4","4","16","0.126","0.003766","0.02","0.71364","0.284","0.015244","false","false","Cluster 5","Seed","2.0","YCL032W","3.75","0","4","0","0.6209677419354839","false","0","YCL032W","2454","0.29545454545454547"
"1","14.080645161290322","0.0","0.07101947308132875","0.0","AHP1","1","1","27","-0.603","1.4814E-9","0.466","2.5668E-4","-0.486","2.3432E-11","false","false",,"Unclustered","0.0","YLR109W","3.0","0","1","0","0.2732974910394266","false","0","YLR109W","0","0.0"
"1","14.080645161290322","0.0","0.07101947308132875","0.0","RPL42B","1","1","27","-0.359","7.7434E-7","-0.371","2.5233E-6","-0.139","0.012998","false","false",,"Unclustered","0.0","YHR141C","3.0","0","1","0","0.2732974910394266","false","0","YHR141C","0","0.0"
"1","13.084677419354838","0.016096382395193943","0.07642526964560863","0.0","CIN4","3","3","26","0.414","0.037256","-0.0","0.39944","0.221","0.12805","false","false",,"Unclustered","0.5","YMR138W","1.3333333333333333","0","3","0","0.32862903225806456","false","0","YMR138W","5442","0.3333333333333333"
"1","8.616935483870968","0.0","0.11605053813757604","0.0","ADE4","1","1","19","-0.514","1.522E-9","-1.296","1.4734E-8","1.202","4.7716E-11","false","false",,"Unclustered","0.0","YMR300C","7.0","0","1","0","0.576836917562724","false","0","YMR300C","0","0.0"
"1","7.870967741935484","0.026152372724137125","0.12704918032786885","0.0","ARG1","2","2","17","-0.652","4.9342E-6","-0.541","4.0958E-7","-0.815","5.9432E-10","false","false",,"Unclustered","0.6666666666666666","YOL058W","6.0","0","2","0","0.6182795698924731","false","0","YOL058W","6768","0.5"
"1","8.616935483870968","0.0","0.11605053813757604","0.0","HIS7","1","1","19","-0.258","2.3151E-6","-1.252","1.6549E-7","0.898","3.3047E-5","false","false",,"Unclustered","0.0","YBR248C","7.0","0","1","0","0.576836917562724","false","0","YBR248C","0","0.0"
"1","7.782258064516129","0.006126244462080951","0.12849740932642487","0.0","HIS3","2","2","17","-0.432","0.010979","-0.71","1.7979E-4","0.239","0.0054895","false","false",,"Unclustered","0.6666666666666666","YOR202W","4.5","0","2","0","0.6232078853046595","false","0","YOR202W","1810","0.5"
"1","8.616935483870968","0.0","0.11605053813757604","0.0","ILV2","1","1","19","0.04","0.27002","-0.358","9.4314E-4","0.095","0.14717","false","false",,"Unclustered","0.0","YMR108W","7.0","0","1","0","0.576836917562724","false","0","YMR108W","0","0.0"
"1","7.620967741935484","0.06299560817485594","0.1312169312169312","0.0","GCN4","7","7","18","0.035","0.33125","0.032","0.41727","-0.031","0.55639","false","false",,"Unclustered","0.25","YEL009C","1.5714285714285714","0","7","0","0.632168458781362","false","0","YEL009C","14390","0.14285714285714285"
"1","8.540322580645162","6.04022463105655E-4","0.11709159584513691","0.0","CNS1","2","2","17","0.082","0.10014","-0.479","1.5959E-5","0.519","3.7064E-4","false","false",,"Unclustered","0.6666666666666666","YBR155W","2.5","0","2","0","0.5810931899641577","false","0","YBR155W","82","0.75"
"1","7.850806451612903","0.0033955857385398985","0.12737544940934772","0.0","HSC82","2","2","16","-0.032","0.52469","-0.032","0.4995","-0.608","1.6833E-14","false","false",,"Unclustered","0.6666666666666666","YMR186W","5.5","0","2","0","0.6193996415770608","false","0","YMR186W","530","0.5625"
"5","2.25","0.0","0.4444444444444444","0.0","MLC1","1","1","3","-0.262","1.3141E-5","-0.327","9.2389E-6","-0.059","0.29618","false","false",,"Unclustered","0.0","YGL106W","2.0","0","1","0","0.5833333333333334","false","0","YGL106W","0","0.0"
"5","1.5","0.5","0.6666666666666666","0.0","MYO2","2","2","2","0.51","5.9183E-9","0.432","8.2407E-8","0.296","1.1583E-4","false","false",,"Unclustered","0.6666666666666666","YOR326W","2.0","0","2","0","0.8333333333333334","false","0","YOR326W","6","0.5"
"1","9.786290322580646","0.01979123861061958","0.10218376596621342","0.3333333333333333","NIP1","3","3","19","0.009","0.82076","-0.248","2.0319E-4","-0.123","0.1009","false","false","Cluster 4","Clustered","2.0","YMR309C","2.3333333333333335","0","3","0","0.5118727598566308","false","0","YMR309C","5122","0.5"
"1","9.85483870967742","0.01710209484549957","0.10147299509001637","0.3333333333333333","PRT1","3","3","18","-0.02","0.60784","-0.085","0.11638","-0.237","0.0031451","false","false","Cluster 4","Seed","2.0","YOR361C","2.6666666666666665","0","3","0","0.5080645161290323","false","0","YOR361C","4108","0.4666666666666667"
"1","7.979838709677419","0.03279540690977939","0.12531581606872158","0.0","YIL105C","2","2","17","0.196","6.9834E-5","0.023","0.66796","0.197","0.016148","false","false",,"Unclustered","0.6666666666666666","YIL105C","2.5","0","2","0","0.6122311827956989","false","0","YIL105C","7186","0.5"
"1","8.068548387096774","0.0","0.12393803098450774","0.0","PDC5","1","1","17","-0.645","1.2585E-11","0.027","0.58514","-0.351","1.2076E-8","false","false",,"Unclustered","0.0","YLR134W","3.0","0","1","0","0.6073028673835126","false","0","YLR134W","0","0.0"
"1","7.07258064516129","0.04783066876167959","0.14139110604332955","0.0","DMC1","3","3","16","-0.219","1.1807E-4","0.059","0.36733","-0.167","0.13801","false","false",,"Unclustered","0.5","YER179W","2.0","0","3","0","0.6626344086021505","false","0","YER179W","9276","0.3333333333333333"
"14","1.0","0.0","1.0","1.0","NOP5","2","2","1","-0.073","0.055533","-0.499","1.7322E-6","-0.157","0.041898","false","false","Cluster 3","Clustered","2.0","YOR310C","2.0","0","2","0","1.0","false","0","YOR310C","0","1.0"
"14","1.0","0.0","1.0","1.0","NOP1","2","2","1","-0.039","0.32352","-0.176","0.012945","-0.038","0.62955","false","false","Cluster 3","Seed","2.0","YDL014W","2.0","0","2","0","1.0","false","0","YDL014W","0","1.0"
"1","6.483870967741935","0.2930651691262897","0.15422885572139305","0.0","CLB2","2","2","16","-0.234","3.9246E-6","-0.279","6.2635E-4","-0.342","1.6424E-5","false","false",,"Unclustered","0.6666666666666666","YPR119W","12.5","0","2","0","0.6953405017921147","false","0","YPR119W","54840","0.5"
"1","8.120967741935484","0.00806451612903226","0.12313803376365441","0.0","SYF3","2","2","18","0.326","7.6184E-7","-0.234","0.0048407","0.712","6.8931E-6","false","false",,"Unclustered","0.6666666666666666","YLR117C","4.0","0","2","0","0.6043906810035842","false","0","YLR117C","1032","0.5"
"1","8.10483870967742","0.024013974141308608","0.12338308457711442","0.0","PDR1","3","3","18","0.185","1.959E-4","-0.152","0.013422","0.173","0.0945","false","false",,"Unclustered","0.5","YGL013C","3.6666666666666665","0","3","0","0.6052867383512545","false","0","YGL013C","4106","0.38095238095238093"
"1","8.10483870967742","0.02399764920987332","0.12338308457711442","0.0","YCR086W","2","2","18","-0.081","0.32121","-0.397","0.080473","0.381","0.17239","false","false",,"Unclustered","0.6666666666666666","YCR086W","4.5","0","2","0","0.6052867383512545","false","0","YCR086W","3084","0.5"
"1","7.133064516129032","0.30517826825127337","0.14019219898247598","0.0","YDR412W","7","7","17","0.067","0.27226","-0.641","1.6949E-5","0.991","2.4711E-5","false","false",,"Unclustered","0.25","YDR412W","2.857142857142857","0","7","0","0.6592741935483871","false","0","YDR412W","55770","0.14285714285714285"
"21","1.0","0.0","1.0","0.0","YPL201C","1","1","1","2.058","6.0394E-10","1.18","8.9209E-7","0.597","0.0043411","false","false",,"Unclustered","0.0","YPL201C","1.0","0","1","0","1.0","false","0","YPL201C","0","0.0"
"21","1.0","0.0","1.0","0.0","HOR2","1","1","1","-0.486","3.7312E-10","-0.942","1.2051E-8","0.359","5.8643E-6","false","false",,"Unclustered","0.0","YER062C","1.0","0","1","0","1.0","false","0","YER062C","0","0.0"
"1","10.641129032258064","0.004015933133080842","0.09397499052671467","0.0","SNC2","2","2","20","0.249","6.9534E-6","-0.112","0.06928","0.559","4.4793E-5","false","false",,"Unclustered","0.6666666666666666","YOR327C","3.5","0","2","0","0.46438172043010756","false","0","YOR327C","602","0.625"
"1","11.629032258064516","1.6324931435287973E-5","0.08599167822468794","0.0","DDI1","2","2","21","0.282","5.6125E-6","0.255","8.6796E-6","0.179","0.018361","false","false",,"Unclustered","0.6666666666666666","YER143W","2.0","0","2","0","0.40949820788530467","false","0","YER143W","2","1.0"
"1","10.641129032258064","0.004015933133080842","0.09397499052671467","0.0","SNC1","2","2","20","-0.05","0.18782","0.027","0.55374","0.003","0.95396","false","false",,"Unclustered","0.6666666666666666","YAL030W","3.5","0","2","0","0.46438172043010756","false","0","YAL030W","602","0.625"
"1","6.943548387096774","0.028564800565910695","0.1440185830429733","0.0","ADH1","2","2","17","-0.113","0.0039297","0.245","3.2186E-4","-0.322","1.3104E-5","false","false",,"Unclustered","0.6666666666666666","YOL086C","12.0","0","2","0","0.6698028673835126","false","0","YOL086C","15414","0.6470588235294118"
"1","6.943548387096774","0.028564800565910695","0.1440185830429733","0.0","TPI1","2","2","17","-0.584","3.6468E-10","0.053","0.48903","-0.728","8.6735E-12","false","false",,"Unclustered","0.6666666666666666","YDR050C","12.0","0","2","0","0.6698028673835126","false","0","YDR050C","15414","0.6470588235294118"
"1","7.221774193548387","0.031213268904270605","0.13847012841987716","0.0","RPL25","2","2","17","-0.192","4.4813E-4","-0.425","9.2415E-7","0.076","0.17224","false","false",,"Unclustered","0.6666666666666666","YOL127W","12.5","0","2","0","0.6543458781362007","false","0","YOL127W","9108","0.5227272727272727"
"1","7.286290322580645","0.0","0.13724405091311567","0.0","RPS24B","1","1","17","-0.313","7.7038E-6","-0.467","1.0186E-6","-0.018","0.74944","false","false",,"Unclustered","0.0","YIL069C","17.0","0","1","0","0.6507616487455198","false","0","YIL069C","0","0.0"
"1","7.286290322580645","0.0","0.13724405091311567","0.0","RPS24A","1","1","17","-0.262","1.8517E-5","-0.449","2.1168E-6","-0.051","0.44216","false","false",,"Unclustered","0.0","YER074W","17.0","0","1","0","0.6507616487455198","false","0","YER074W","0","0.0"
"1","7.270161290322581","0.016063732532323367","0.13754853022739877","0.0","PHO5","2","2","17","-0.704","2.3291E-7","0.075","0.088763","-0.543","3.6198E-13","false","false",,"Unclustered","0.6666666666666666","YBR093C","9.5","0","2","0","0.65165770609319","false","0","YBR093C","2092","0.5"
"1","7.286290322580645","0.0","0.13724405091311567","0.0","HSP42","1","1","17","-0.31","8.1757E-7","0.3","8.7039E-6","-0.723","1.4287E-12","false","false",,"Unclustered","0.0","YDR171W","17.0","0","1","0","0.6507616487455198","false","0","YDR171W","0","0.0"
"1","6.778225806451613","0.09883491017420752","0.14753123140987506","0.0","HIS4","3","3","17","-1.067","3.8988E-11","-0.898","2.3894E-7","0.29","0.0016438","false","false",,"Unclustered","0.5","YCL030C","9.0","0","3","0","0.6789874551971327","false","0","YCL030C","18164","0.3333333333333333"
"1","7.286290322580645","0.0","0.13724405091311567","0.0","RPL18B","1","1","17","-0.379","7.3086E-7","-0.245","1.0721E-4","-0.271","1.2267E-5","false","false",,"Unclustered","0.0","YNL301C","17.0","0","1","0","0.6507616487455198","false","0","YNL301C","0","0.0"
"1","7.286290322580645","0.0","0.13724405091311567","0.0","RPL18A","1","1","17","-0.409","1.7242E-7","-0.225","3.0221E-4","-0.62","3.898E-9","false","false",,"Unclustered","0.0","YOL120C","17.0","0","1","0","0.6507616487455198","false","0","YOL120C","0","0.0"
"1","6.173387096774194","0.2780401973811599","0.1619856303069889","0.0","PDC1","3","3","15","-0.62","6.9512E-11","-0.071","0.23784","-0.184","0.0064407","false","false",,"Unclustered","0.5","YLR044C","10.333333333333334","0","3","0","0.712589605734767","false","0","YLR044C","82528","0.3333333333333333"
"1","7.221774193548387","0.031213268904270605","0.13847012841987716","0.0","RPL16A","2","2","17","-0.453","4.6153E-8","-0.311","1.1962E-4","-0.146","0.012589","false","false",,"Unclustered","0.6666666666666666","YIL133C","12.5","0","2","0","0.6543458781362007","false","0","YIL133C","9108","0.5227272727272727"
"1","6.943548387096774","0.028564800565910695","0.1440185830429733","0.0","ENO2","2","2","17","-0.816","7.175E-11","0.241","0.011477","-0.217","0.0015357","false","false",,"Unclustered","0.6666666666666666","YHR174W","12.0","0","2","0","0.6698028673835126","false","0","YHR174W","15414","0.6470588235294118"
"1","6.943548387096774","0.028564800565910695","0.1440185830429733","0.0","ENO1","2","2","17","-0.737","6.5621E-11","0.259","0.0079977","-0.171","0.025056","false","false",,"Unclustered","0.6666666666666666","YGR254W","12.0","0","2","0","0.6698028673835126","false","0","YGR254W","15414","0.6470588235294118"
"1","6.92741935483871","0.04462853309823398","0.14435389988358555","0.0","PGK1","3","3","17","-0.668","7.3129E-10","0.329","2.4163E-5","-0.746","4.2315E-13","false","false",,"Unclustered","0.5","YCR012W","8.666666666666666","0","3","0","0.6706989247311828","false","0","YCR012W","16638","0.42592592592592593"
"1","6.290322580645161","0.35844735651938203","0.158974358974359","0.0","RAP1","17","17","16","0.205","0.024692","0.015","0.93493","0.234","0.54155","false","false",,"Unclustered","0.1111111111111111","YNL216W","1.8823529411764706","0","17","0","0.7060931899641578","false","0","YNL216W","111754","0.09803921568627451"
"1","6.92741935483871","0.044628533098234","0.14435389988358555","0.0","CDC19","3","3","17","-0.652","1.3173E-10","0.123","0.10377","-0.453","1.5489E-7","false","false",,"Unclustered","0.5","YAL038W","8.666666666666666","0","3","0","0.6706989247311828","false","0","YAL038W","16638","0.42592592592592593"
"1","7.915322580645161","0.00806451612903226","0.12633723892002038","0.0","MCK1","2","2","18","-0.046","0.27844","0.094","0.029538","-0.063","0.37572","false","false",,"Unclustered","0.6666666666666666","YNL307C","2.0","0","2","0","0.61581541218638","false","0","YNL307C","614","0.5"
"1","9.278225806451612","0.1329619479384399","0.10777922642329422","0.0","HEX3","3","3","21","0.214","4.0439E-5","0.073","0.22129","0.593","2.0836E-5","false","false",,"Unclustered","0.5","YDL013W","3.0","0","3","0","0.5400985663082438","false","0","YDL013W","60158","0.3333333333333333"
"1","10.274193548387096","0.0","0.09733124018838306","0.0","YER116C","1","1","22","0.029","0.56099","-0.11","0.18379","0.182","0.13915","false","false",,"Unclustered","0.0","YER116C","3.0","0","1","0","0.4847670250896058","false","0","YER116C","0","0.0"
"1","10.59274193548387","0.11341400861121367","0.09440426341834793","0.0","YNR053C","3","3","23","0.352","2.1301E-7","-0.238","0.0048783","-0.012","0.90581","false","false",,"Unclustered","0.5","YNR053C","4.0","0","3","0","0.4670698924731183","false","0","YNR053C","50456","0.3333333333333333"
"1","12.10483870967742","0.01199882460493666","0.08261159227181879","0.0","RPS28B","4","4","25","-0.259","1.6086E-4","-0.299","2.0632E-4","-0.17","0.21059","false","false",,"Unclustered","0.4","YLR264W","3.25","0","4","0","0.38306451612903225","false","0","YLR264W","8136","0.375"
"1","11.189516129032258","0.045542119497323834","0.08936936936936937","0.0","YEL015W","2","2","23","0.222","3.0657E-5","-0.171","0.0052925","0.275","0.032829","false","false",,"Unclustered","0.6666666666666666","YEL015W","5.5","0","2","0","0.433915770609319","false","0","YEL015W","9804","0.5"
"1","12.129032258064516","0.0","0.08244680851063829","0.0","YNL050C","1","1","25","0.301","1.425E-5","-0.448","0.0031926","0.594","7.5124E-4","false","false",,"Unclustered","0.0","YNL050C","7.0","0","1","0","0.3817204301075269","false","0","YNL050C","0","0.0"
"1","12.10483870967742","0.02399764920987332","0.08261159227181879","0.0","LYS9","2","2","25","0.223","1.1825E-5","-0.131","0.0089039","0.647","1.1773E-7","false","false",,"Unclustered","0.6666666666666666","YNR050C","5.0","0","2","0","0.38306451612903225","false","0","YNR050C","8154","0.5"
"1","11.133064516129032","0.12017602842501629","0.08982252806954003","0.0","LSM8","7","7","24","0.059","0.6011","-0.435","0.070701","0.294","0.14344","false","false",,"Unclustered","0.25","YJR022W","2.5714285714285716","0","7","0","0.4370519713261649","false","0","YJR022W","47386","0.19642857142857142"
"1","12.10483870967742","0.01199882460493666","0.08261159227181879","0.0","RPS28A","4","4","25","-0.374","2.7303E-6","-0.239","1.0533E-4","-0.243","4.8633E-5","false","false",,"Unclustered","0.4","YOR167C","3.25","0","4","0","0.38306451612903225","false","0","YOR167C","8136","0.375"
"1","13.09274193548387","8.162465717643987E-6","0.07637819525716046","0.0","LSM4","2","2","26","0.193","7.0527E-5","-0.181","0.0037591","0.151","0.13653","false","false",,"Unclustered","0.6666666666666666","YER112W","4.0","0","2","0","0.3281810035842294","false","0","YER112W","2","1.0"
"1","6.806451612903226","0.016145357189499807","0.14691943127962084","0.26666666666666666","ALPHA2","6","6","16","0.169","0.0012873","-0.085","0.11481","0.301","0.0027555","false","false",,"Unclustered","1.2","YCL067C","5.166666666666667","0","6","0","0.6774193548387096","false","0","YCL067C","2084","0.2631578947368421"
"1","8.790322580645162","0.0","0.11376146788990825","0.0","SSN6","1","1","18","0.108","0.009167","-0.004","0.92034","0.077","0.17771","false","false",,"Unclustered","0.0","YBR112C","2.0","0","1","0","0.5672043010752688","false","0","YBR112C","0","0.0"
"1","7.794354838709677","0.00806451612903226","0.12829798241076049","0.0","TUP1","2","2","17","0.044","0.28551","0.704","1.832E-4","-0.091","0.69411","false","false",,"Unclustered","0.6666666666666666","YCR084C","3.5","0","2","0","0.6225358422939069","false","0","YCR084C","1038","0.5"
"1","8.57258064516129","0.15820029193739518","0.11665098777046096","0.0","SNP1","5","5","20","0.165","0.013072","-0.635","4.9035E-4","0.181","0.28119","false","false",,"Unclustered","0.3333333333333333","YIL061C","1.8","0","5","0","0.5793010752688172","false","0","YIL061C","70312","0.2"
"1","9.568548387096774","0.0","0.10450906026127266","0.0","YGR203W","1","1","21","-0.141","0.039575","-0.085","0.43554","-0.34","0.22451","false","false",,"Unclustered","0.0","YGR203W","5.0","0","1","0","0.5239695340501792","false","0","YGR203W","0","0.0"
"4","1.5","0.16666666666666666","0.6666666666666666","0.0","MAD3","2","2","2","-0.072","0.14469","-0.154","0.046575","0.084","0.52778","false","false",,"Unclustered","0.6666666666666666","YJL013C","2.5","0","2","0","0.8333333333333334","false","0","YJL013C","4","0.75"
"4","1.75","0.08333333333333333","0.5714285714285714","0.0","SAP4","2","2","3","-0.521","2.3655E-9","0.171","0.020857","-0.208","0.28721","false","false",,"Unclustered","0.6666666666666666","YGL229C","2.0","0","2","0","0.75","false","0","YGL229C","2","1.0"
"4","1.5","0.16666666666666666","0.6666666666666666","0.0","MAD2","2","2","2","0.08","0.21701","-0.271","0.0092841","0.46","0.0045437","false","false",,"Unclustered","0.6666666666666666","YJL030W","2.5","0","2","0","0.8333333333333334","false","0","YJL030W","4","0.75"
"4","1.25","0.5833333333333333","0.8","0.0","MSB2","3","3","2","-0.066","0.093717","-0.131","0.01294","-0.171","0.031836","false","false",,"Unclustered","0.5","YGR014W","1.6666666666666667","0","3","0","0.9166666666666666","false","0","YGR014W","10","0.6666666666666666"
"4","2.0","0.0","0.5","0.0","NIP7","1","1","3","-0.231","0.0019352","-0.504","5.2826E-6","0.623","1.5609E-4","false","false",,"Unclustered","0.0","YPL211W","3.0","0","1","0","0.6666666666666666","false","0","YPL211W","0","0.0"
"2","16.358870967741936","0.0","0.06112891298989401","0.0","RNA15","1","1","27","0.162","0.0013639","-0.211","0.0040902","0.281","0.0057448","false","false",,"Unclustered","0.0","YGL044C","2.0","0","1","0","0.14672939068100355","false","0","YGL044C","0","0.0"
"2","15.362903225806452","0.00806451612903226","0.06509186351706037","0.0","HRP1","2","2","26","0.245","9.8446E-6","0.126","0.0050114","-0.036","0.59496","false","false",,"Unclustered","0.6666666666666666","YOL123W","2.0","0","2","0","0.20206093189964155","false","0","YOL123W","1970","0.5"
"10","1.3333333333333333","0.16666666666666666","0.75","0.0","EFB1","2","2","2","-0.157","0.0018696","-0.2","6.2814E-4","-0.146","0.013062","false","false","Cluster 7","Clustered","0.6666666666666666","YAL003W","2.0","0","2","0","0.8333333333333334","false","0","YAL003W","2","1.0"
"1","9.455645161290322","0.04261280009369994","0.10575692963752666","0.0","GNA1","5","5","19","0.131","0.0017854","0.122","0.0055302","0.124","0.050323","false","false",,"Unclustered","0.3333333333333333","YFL017C","1.6","0","5","0","0.530241935483871","false","0","YFL017C","6282","0.2"
"1","9.814516129032258","0.022509015787225257","0.1018898931799507","0.0","TIF35","3","3","18","0.078","0.072655","-0.209","0.0011724","0.354","1.6643E-5","false","false",,"Unclustered","0.5","YDR429C","3.0","0","3","0","0.5103046594982079","false","0","YDR429C","4106","0.3333333333333333"
"1","10.810483870967742","0.0","0.09250279746363298","0.0","TIF34","1","1","19","-0.05","0.30844","-0.143","0.0085173","-0.151","0.072007","false","false",,"Unclustered","0.0","YMR146C","3.0","0","1","0","0.4549731182795699","false","0","YMR146C","0","0.0"
"9","1.6666666666666667","0.0","0.6","0.0","GSP1","1","1","2","-0.242","1.7601E-5","-0.247","6.7968E-4","-0.128","0.012703","false","false",,"Unclustered","0.0","YLR293C","3.0","0","1","0","0.7777777777777777","false","0","YLR293C","0","0.0"
"10","1.3333333333333333","0.16666666666666666","0.75","0.0","TEF2","2","2","2","-0.074","0.053125","-0.063","0.15497","0.044","0.54556","false","false","Cluster 7","Clustered","0.6666666666666666","YBR118W","2.0","0","2","0","0.8333333333333334","false","0","YBR118W","2","1.0"
"10","1.3333333333333333","0.16666666666666666","0.75","0.0","TEF1","2","2","2","-0.138","9.8725E-4","0.009","0.89728","-0.278","6.7798E-4","false","false","Cluster 7","Clustered","0.6666666666666666","YPR080W","2.0","0","2","0","0.8333333333333334","false","0","YPR080W","2","1.0"
"10","1.3333333333333333","0.16666666666666666","0.75","0.0","YEF3","2","2","2","-0.39","2.713E-8","-0.394","0.04747","-0.769","0.035939","false","false","Cluster 7","Seed","0.6666666666666666","YLR249W","2.0","0","2","0","0.8333333333333334","false","0","YLR249W","2","1.0"
"9","1.6666666666666667","0.0","0.6","0.0","DED1","1","1","2","-0.033","0.39944","-0.056","0.31268","-0.91","8.349E-16","false","false",,"Unclustered","0.0","YOR204W","3.0","0","1","0","0.7777777777777777","false","0","YOR204W","0","0.0"
"9","1.0","1.0","1.0","0.0","SRM1","3","3","1","0.16","0.0021913","-0.23","0.0022461","0.008","0.93826","false","false",,"Unclustered","0.5","YGL097W","1.0","0","3","0","1.0","false","0","YGL097W","6","0.0"
"9","1.6666666666666667","0.0","0.6","0.0","CRM1","1","1","2","-0.018","0.61381","-0.001","0.9794","-0.018","0.80969","false","false",,"Unclustered","0.0","YGR218W","3.0","0","1","0","0.7777777777777777","false","0","YGR218W","0","0.0"
"2","14.375","0.024062948935614472","0.06956521739130435","0.0","NAB2","3","3","25","0.174","8.7295E-4","0.02","0.61707","0.187","0.0059966","false","false",,"Unclustered","0.5","YGL122C","1.6666666666666667","0","3","0","0.2569444444444444","false","0","YGL122C","5902","0.3333333333333333"
"2","15.370967741935484","0.0","0.06505771248688352","0.0","GCN3","1","1","26","-0.154","9.1177E-4","-0.501","3.5692E-6","0.292","0.011229","false","false",,"Unclustered","0.0","YKR026C","3.0","0","1","0","0.20161290322580644","false","0","YKR026C","0","0.0"
